ID,Data Cube,Radius [kpc],Radius [arcs],Vrot [km/s],eVrot_1 [km/s],eVrot_2 [km/s],"Vm,t","eVm,t","Vm,r","eVm,r",,,,,,,,,,,,,,,,
DDO47-Bar-2,Robust,0.113,5,9.17,5.27,5.27,-1.72,1.09,-0.11,3.39,,,,,,,,,,,,,,,,
DDO47-Bar-2,Robust,0.227,9,5.85,6.72,6.72,3.1,5.71,-9.38,1.77,,,,,,,,,,,,,,,,
DDO47-Bar-2,Robust,0.34,14,10.55,0.68,0.68,-2.46,4.95,-8,8.6,,,,,,,,,,,,,,,,
DDO47-Bar-2,Robust,0.454,18,12.38,1.4,1.4,8.92,5.16,-8.15,8.14,,,,,,,,,,,,,,,,
DDO47-Bar-2,Robust,0.567,23,23.97,5.91,5.91,-11.71,4.61,-7.15,2.44,,,,,,,,,,,,,,,,
DDO47-Bar-2,Robust,0.681,27,27.5,6.62,6.62,0,0,0,0,,,,,,,,,,,,,,,,
DDO47-Bar-2,Robust,0.794,32,29.26,5.73,5.73,0,0,0,0,,,,,,,,,,,,,,,,
DDO47-Bar-2,Robust,0.908,36,25.02,3.17,3.17,0,0,0,0,,,,,,,,,,,,,,,,
DDO47-Bar-2,Robust,1.021,41,21.64,2.16,2.16,0,0,0,0,,,,,,,,,,,,,,,,
DDO47-Bar-2,Robust,1.134,45,21.68,2.07,2.07,0,0,0,0,,,,,,,,,,,,,,,,
DDO47-Bar-2,Robust,1.248,50,20.96,1.22,1.22,0,0,0,0,,,,,,,,,,,,,,,,
DDO47-Bar-2,Robust,1.361,54,20.2,1.29,1.29,0,0,0,0,,,,,,,,,,,,,,,,
DDO47-Bar-2,Robust,1.475,59,23.15,2.84,2.84,0,0,0,0,,,,,,,,,,,,,,,,
DDO47-Bar-2,Robust,1.588,63,18.64,0.47,0.47,0,0,0,0,,,,,,,,,,,,,,,,
DDO47-Bar-2,Robust,1.702,68,24.92,3.1,3.1,0,0,0,0,,,,,,,,,,,,,,,,
DDO47-Bar-2,Robust,1.815,72,24.38,2.98,2.98,0,0,0,0,,,,,,,,,,,,,,,,
DDO47-Bar-2,Robust,1.929,77,21.93,1.69,1.69,0,0,0,0,,,,,,,,,,,,,,,,
DDO47-Bar-2,Robust,2.042,81,22.93,2.52,2.52,0,0,0,0,,,,,,,,,,,,,,,,
DDO47-Bar-2,Robust,2.155,86,25.66,3.25,3.25,0,0,0,0,,,,,,,,,,,,,,,,
DDO47-Bar-2,Robust,2.269,90,29.73,5.55,5.55,0,0,0,0,,,,,,,,,,,,,,,,
DDO47-Bar-2,Robust,2.382,95,29.56,5.64,5.64,0,0,0,0,,,,,,,,,,,,,,,,
DDO47-Bar-2,Robust,2.496,99,31.14,6.2,6.2,0,0,0,0,,,,,,,,,,,,,,,,
DDO47-Bar-2,Robust,2.609,104,32.53,7.5,7.5,0,0,0,0,,,,,,,,,,,,,,,,
DDO47-Bar-2,Robust,2.723,108,34.56,7.78,7.78,0,0,0,0,,,,,,,,,,,,,,,,
DDO47-Bar-2,Robust,2.836,113,36.86,8.5,8.5,0,0,0,0,,,,,,,,,,,,,,,,
DDO47-Bar-2,Robust,2.95,117,39.66,9.53,9.53,0,0,0,0,,,,,,,,,,,,,,,,
DDO47-Bar-2,Robust,3.063,122,41.53,9.05,9.05,0,0,0,0,,,,,,,,,,,,,,,,
DDO47-Bar-2,Robust,3.176,126,43.24,9.26,9.26,0,0,0,0,,,,,,,,,,,,,,,,
DDO47-Bar-2,Robust,3.29,131,45.26,7.71,7.71,0,0,0,0,,,,,,,,,,,,,,,,
DDO47-Bar-2,Robust,3.403,135,45.44,8.43,8.43,0,0,0,0,,,,,,,,,,,,,,,,
DDO47-Bar-2,Robust,3.517,140,46.65,6.95,6.95,0,0,0,0,,,,,,,,,,,,,,,,
DDO47-Bar-2,Robust,3.63,144,49.94,6.38,6.38,0,0,0,0,,,,,,,,,,,,,,,,
DDO47-Bar-2,Robust,3.744,149,54.36,7.58,7.58,0,0,0,0,,,,,,,,,,,,,,,,
DDO47-Bar-2,Robust,3.857,153,54.14,6.6,6.6,0,0,0,0,,,,,,,,,,,,,,,,
DDO47-Bar-2,Robust,3.971,158,54.8,6.26,6.26,0,0,0,0,,,,,,,,,,,,,,,,
DDO47-Bar-2,Robust,4.084,162,55.45,5.27,5.27,0,0,0,0,,,,,,,,,,,,,,,,
DDO47-Bar-2,Robust,4.198,167,55.32,5.29,5.29,0,0,0,0,,,,,,,,,,,,,,,,
DDO47-Bar-2,Robust,4.311,171,57,3.82,3.82,0,0,0,0,,,,,,,,,,,,,,,,
DDO47-Bar-2,Robust,4.424,176,58.3,5.14,5.14,0,0,0,0,,,,,,,,,,,,,,,,
DDO47-Bar-2,Robust,4.538,180,57.61,5.61,5.61,0,0,0,0,,,,,,,,,,,,,,,,
DDO47-Bar-2,Robust,4.651,185,60.27,7.1,7.1,0,0,0,0,,,,,,,,,,,,,,,,
DDO47-Bar-2,Robust,4.765,189,61.16,7.8,7.8,0,0,0,0,,,,,,,,,,,,,,,,
DDO47-Bar-2,Robust,4.878,194,60.61,7.19,7.19,0,0,0,0,,,,,,,,,,,,,,,,
DDO47-Bar-2,Robust,4.992,198,60.58,6.71,6.71,0,0,0,0,,,,,,,,,,,,,,,,
DDO47-Bar-2,Robust,5.105,203,60.71,7.39,7.39,0,0,0,0,,,,,,,,,,,,,,,,
DDO47-Bar-2,Robust,5.219,207,64.57,8.54,8.54,0,0,0,0,,,,,,,,,,,,,,,,
DDO47-Bar-2,Robust,5.332,212,64.6,3.78,3.78,0,0,0,0,,,,,,,,,,,,,,,,
DDO52-Bar-2,Robust,0.15,3,0.17,6.7,6.7,1.16,13.02,3.89,11.6,,,,,,,,,,,,,,,,
DDO52-Bar-2,Robust,0.3,6,5.1,1.78,1.78,-7.69,13.69,-6.92,8.57,,,,,,,,,,,,,,,,
DDO52-Bar-2,Robust,0.449,9,14.42,9.61,9.61,0.32,6.24,-6.09,10.46,,,,,,,,,,,,,,,,
DDO52-Bar-2,Robust,0.599,12,22.99,1.78,1.78,0,0,0,0,,,,,,,,,,,,,,,,
DDO52-Bar-2,Robust,0.749,15,24.61,1.06,1.06,0,0,0,0,,,,,,,,,,,,,,,,
DDO52-Bar-2,Robust,0.899,18,35.5,1.03,1.03,0,0,0,0,,,,,,,,,,,,,,,,
DDO52-Bar-2,Robust,1.049,21,41.58,5.19,5.19,0,0,0,0,,,,,,,,,,,,,,,,
DDO52-Bar-2,Robust,1.198,24,40.33,2.93,2.93,0,0,0,0,,,,,,,,,,,,,,,,
DDO52-Bar-2,Robust,1.348,27,40.23,2.11,2.11,0,0,0,0,,,,,,,,,,,,,,,,
DDO52-Bar-2,Robust,1.498,30,43.87,3.45,3.45,0,0,0,0,,,,,,,,,,,,,,,,
DDO52-Bar-2,Robust,1.648,33,50.58,4.61,4.61,0,0,0,0,,,,,,,,,,,,,,,,
DDO52-Bar-2,Robust,1.798,36,52.69,3.86,3.86,0,0,0,0,,,,,,,,,,,,,,,,
DDO52-Bar-2,Robust,1.947,39,50.42,4.17,4.17,0,0,0,0,,,,,,,,,,,,,,,,
DDO52-Bar-2,Robust,2.097,42,53.27,4.22,4.22,0,0,0,0,,,,,,,,,,,,,,,,
DDO52-Bar-2,Robust,2.247,45,52.21,0.98,0.98,0,0,0,0,,,,,,,,,,,,,,,,
DDO52-Bar-2,Robust,2.397,48,52.5,4.33,4.33,0,0,0,0,,,,,,,,,,,,,,,,
DDO52-Bar-2,Robust,2.547,51,54.03,2.83,2.83,0,0,0,0,,,,,,,,,,,,,,,,
DDO52-Bar-2,Robust,2.697,54,55.73,1.44,1.44,0,0,0,0,,,,,,,,,,,,,,,,
DDO52-Bar-2,Robust,2.846,57,54.13,4.75,4.75,0,0,0,0,,,,,,,,,,,,,,,,
DDO52-Bar-2,Robust,2.996,60,57.54,1.85,1.85,0,0,0,0,,,,,,,,,,,,,,,,
DDO52-Bar-2,Robust,3.146,63,58.29,5.69,5.69,0,0,0,0,,,,,,,,,,,,,,,,
DDO52-Bar-2,Robust,3.296,66,61.71,5.91,5.91,0,0,0,0,,,,,,,,,,,,,,,,
DDO52-Bar-2,Robust,3.446,69,60.14,2.55,2.55,0,0,0,0,,,,,,,,,,,,,,,,
DDO52-Bar-2,Robust,3.595,72,64.14,2.81,2.81,0,0,0,0,,,,,,,,,,,,,,,,
DDO52-Bar-2,Robust,3.745,75,66.4,5.61,5.61,0,0,0,0,,,,,,,,,,,,,,,,
DDO52-Bar-2,Robust,3.895,78,64.78,2.91,2.91,0,0,0,0,,,,,,,,,,,,,,,,
DDO52-Bar-2,Robust,4.045,81,65.95,3.64,3.64,0,0,0,0,,,,,,,,,,,,,,,,
DDO52-Bar-2,Robust,4.195,84,66.89,6.58,6.58,0,0,0,0,,,,,,,,,,,,,,,,
DDO52-Bar-2,Robust,4.344,87,65.66,6.53,6.53,0,0,0,0,,,,,,,,,,,,,,,,
DDO52-Bar-2,Robust,4.494,90,68.02,6.16,6.16,0,0,0,0,,,,,,,,,,,,,,,,
DDO52-Bar-2,Robust,4.644,93,64.5,6.43,6.43,0,0,0,0,,,,,,,,,,,,,,,,
DDO52-Bar-2,Robust,4.794,96,69.21,9.11,9.11,0,0,0,0,,,,,,,,,,,,,,,,
DDO52-Bar-2,Robust,4.944,99,69.26,7.07,7.07,0,0,0,0,,,,,,,,,,,,,,,,
DDO52-Bar-2,Robust,5.093,102,66.34,7.5,7.5,0,0,0,0,,,,,,,,,,,,,,,,
DDO52-Bar-2,Robust,5.243,105,66.32,10.6,10.6,0,0,0,0,,,,,,,,,,,,,,,,
DDO52-Bar-2,Robust,5.393,108,75.81,7.15,7.15,0,0,0,0,,,,,,,,,,,,,,,,
DDO52-Bar-2,Robust,5.543,111,68.62,7.32,7.32,0,0,0,0,,,,,,,,,,,,,,,,
DDO52-Bar-2,Robust,5.693,114,65.82,7.38,7.38,0,0,0,0,,,,,,,,,,,,,,,,
DDO52-Bar-2,Robust,5.842,117,67.3,5.23,5.23,0,0,0,0,,,,,,,,,,,,,,,,
DDO52-Bar-2,Robust,5.992,120,71.33,7.73,7.73,0,0,0,0,,,,,,,,,,,,,,,,
DDO52-Bar-2,Robust,6.142,123,73.4,7.33,7.33,0,0,0,0,,,,,,,,,,,,,,,,
DDO52-Bar-2,Robust,6.292,126,67.97,6.45,6.45,0,0,0,0,,,,,,,,,,,,,,,,
DDO52-Bar-2,Robust,6.442,129,76.03,5.89,5.89,0,0,0,0,,,,,,,,,,,,,,,,
DDO52-Bar-2,Robust,6.592,132,73.69,6.54,6.54,0,0,0,0,,,,,,,,,,,,,,,,
DDO52-Bar-2,Robust,6.741,135,76.28,6.16,6.16,0,0,0,0,,,,,,,,,,,,,,,,
DDO87-Bar-2,Robust,0.112,3,4.1,20.18,20.18,-2.29,20.95,0.61,28.76,,,,,,,,,,,,,,,,
DDO87-Bar-2,Robust,0.224,6,3.8,6.03,6.03,-2.35,13.02,0.01,5.84,,,,,,,,,,,,,,,,
DDO87-Bar-2,Robust,0.336,9,0.85,27.33,27.33,-0.67,6.6,3.39,22.55,,,,,,,,,,,,,,,,
DDO87-Bar-2,Robust,0.448,12,2.9,13.42,13.42,-2.73,6.06,1.94,11.82,,,,,,,,,,,,,,,,
DDO87-Bar-2,Robust,0.56,15,7.94,10.74,10.74,0,0,0,0,,,,,,,,,,,,,,,,
DDO87-Bar-2,Robust,0.672,18,17.62,9.4,9.4,0,0,0,0,,,,,,,,,,,,,,,,
DDO87-Bar-2,Robust,0.784,21,11.24,3.95,3.95,0,0,0,0,,,,,,,,,,,,,,,,
DDO87-Bar-2,Robust,0.896,24,11.09,3.86,3.86,0,0,0,0,,,,,,,,,,,,,,,,
DDO87-Bar-2,Robust,1.008,27,0.83,13.48,13.48,0,0,0,0,,,,,,,,,,,,,,,,
DDO87-Bar-2,Robust,1.12,30,13.34,2.13,2.13,0,0,0,0,,,,,,,,,,,,,,,,
DDO87-Bar-2,Robust,1.232,33,17.81,18.87,18.87,0,0,0,0,,,,,,,,,,,,,,,,
DDO87-Bar-2,Robust,1.344,36,18.83,15.05,15.05,0,0,0,0,,,,,,,,,,,,,,,,
DDO87-Bar-2,Robust,1.456,39,16.79,2.82,2.82,0,0,0,0,,,,,,,,,,,,,,,,
DDO87-Bar-2,Robust,1.568,42,23.52,13.96,13.96,0,0,0,0,,,,,,,,,,,,,,,,
DDO87-Bar-2,Robust,1.68,45,22.78,8.55,8.55,0,0,0,0,,,,,,,,,,,,,,,,
DDO87-Bar-2,Robust,1.792,48,24.06,5.15,5.15,0,0,0,0,,,,,,,,,,,,,,,,
DDO87-Bar-2,Robust,1.904,51,26.25,8.47,8.47,0,0,0,0,,,,,,,,,,,,,,,,
DDO87-Bar-2,Robust,2.016,54,25.44,8.83,8.83,0,0,0,0,,,,,,,,,,,,,,,,
DDO87-Bar-2,Robust,2.128,57,28.93,21.35,21.35,0,0,0,0,,,,,,,,,,,,,,,,
DDO87-Bar-2,Robust,2.24,60,33.79,1.3,1.3,0,0,0,0,,,,,,,,,,,,,,,,
DDO87-Bar-2,Robust,2.352,63,35.17,2.87,2.87,0,0,0,0,,,,,,,,,,,,,,,,
DDO87-Bar-2,Robust,2.464,66,36.02,6.81,6.81,0,0,0,0,,,,,,,,,,,,,,,,
DDO87-Bar-2,Robust,2.576,69,38.25,1.37,1.37,0,0,0,0,,,,,,,,,,,,,,,,
DDO87-Bar-2,Robust,2.688,72,38.67,7.92,7.92,0,0,0,0,,,,,,,,,,,,,,,,
DDO87-Bar-2,Robust,2.8,75,38.14,2.42,2.42,0,0,0,0,,,,,,,,,,,,,,,,
DDO87-Bar-2,Robust,2.912,78,38.55,2.4,2.4,0,0,0,0,,,,,,,,,,,,,,,,
DDO87-Bar-2,Robust,3.024,81,38.82,3.09,3.09,0,0,0,0,,,,,,,,,,,,,,,,
DDO87-Bar-2,Robust,3.136,84,40.77,1.96,1.96,0,0,0,0,,,,,,,,,,,,,,,,
DDO87-Bar-2,Robust,3.248,87,41.18,10.86,10.86,0,0,0,0,,,,,,,,,,,,,,,,
DDO87-Bar-2,Robust,3.36,90,42.42,17.75,17.75,0,0,0,0,,,,,,,,,,,,,,,,
DDO87-Bar-2,Robust,3.472,93,44.6,24.55,24.55,0,0,0,0,,,,,,,,,,,,,,,,
DDO87-Bar-2,Robust,3.584,96,41.85,15.18,15.18,0,0,0,0,,,,,,,,,,,,,,,,
DDO87-Bar-2,Robust,3.696,99,42.28,22.8,22.8,0,0,0,0,,,,,,,,,,,,,,,,
DDO87-Bar-2,Robust,3.808,102,42.72,9.71,9.71,0,0,0,0,,,,,,,,,,,,,,,,
DDO87-Bar-2,Robust,3.92,105,37.13,4.4,4.4,0,0,0,0,,,,,,,,,,,,,,,,
DDO87-Bar-2,Robust,4.032,108,34.5,3.73,3.73,0,0,0,0,,,,,,,,,,,,,,,,
DDO87-Bar-2,Robust,4.144,111,38.42,26.16,26.16,0,0,0,0,,,,,,,,,,,,,,,,
DDO87-Bar-2,Robust,4.256,114,40.93,22.41,22.41,0,0,0,0,,,,,,,,,,,,,,,,
DDO87-Bar-2,Robust,4.368,117,39.89,5.08,5.08,0,0,0,0,,,,,,,,,,,,,,,,
DDO87-Bar-2,Robust,4.48,120,40.04,1.5,1.5,0,0,0,0,,,,,,,,,,,,,,,,
DDO87-Bar-2,Robust,4.592,123,41.04,5.52,5.52,0,0,0,0,,,,,,,,,,,,,,,,
DDO87-Bar-2,Robust,4.704,126,43.14,2.26,2.26,0,0,0,0,,,,,,,,,,,,,,,,
DDO87-Bar-2,Robust,4.816,129,40.61,2.92,2.92,0,0,0,0,,,,,,,,,,,,,,,,
DDO87-Bar-2,Robust,4.928,132,43.78,2.84,2.84,0,0,0,0,,,,,,,,,,,,,,,,
DDO87-Bar-2,Robust,5.04,135,46.43,9.71,9.71,0,0,0,0,,,,,,,,,,,,,,,,
DDO87-Bar-2,Robust,5.152,138,44.51,9.41,9.41,0,0,0,0,,,,,,,,,,,,,,,,
DDO87-Bar-2,Robust,5.264,141,46.42,6.19,6.19,0,0,0,0,,,,,,,,,,,,,,,,
DDO87-Bar-2,Robust,5.376,144,46.82,7.07,7.07,0,0,0,0,,,,,,,,,,,,,,,,
DDO87-Bar-2,Robust,5.488,147,45.07,5.56,5.56,0,0,0,0,,,,,,,,,,,,,,,,
DDO87-Bar-2,Robust,5.6,150,45.94,4.4,4.4,0,0,0,0,,,,,,,,,,,,,,,,
DDO126-Bar-2,Robust,0.143,6,0.7,4.83,4.83,1.61,10.04,2.4,9.31,,,,,,,,,,,,,,,,
DDO126-Bar-2,Robust,0.214,9,0.21,4.12,4.12,0.81,6.43,3.14,10.26,,,,,,,,,,,,,,,,
DDO126-Bar-2,Robust,0.285,12,1.13,4.15,4.15,2.71,2.49,2.49,15.92,,,,,,,,,,,,,,,,
DDO126-Bar-2,Robust,0.356,15,1.21,3.8,3.8,3.18,3.73,1.71,4.07,,,,,,,,,,,,,,,,
DDO126-Bar-2,Robust,0.428,18,2.86,8.1,8.1,2.75,5.08,2.11,11.44,,,,,,,,,,,,,,,,
DDO126-Bar-2,Robust,0.499,21,4.81,2.41,2.41,0,0,0,0,,,,,,,,,,,,,,,,
DDO126-Bar-2,Robust,0.57,24,6.54,1.67,1.67,0,0,0,0,,,,,,,,,,,,,,,,
DDO126-Bar-2,Robust,0.641,27,7.48,0.14,0.14,0,0,0,0,,,,,,,,,,,,,,,,
DDO126-Bar-2,Robust,0.713,30,8.32,2.31,2.31,0,0,0,0,,,,,,,,,,,,,,,,
DDO126-Bar-2,Robust,0.784,33,9.84,5.29,5.29,0,0,0,0,,,,,,,,,,,,,,,,
DDO126-Bar-2,Robust,0.855,36,12.91,2.41,2.41,0,0,0,0,,,,,,,,,,,,,,,,
DDO126-Bar-2,Robust,0.926,39,14.39,10.07,10.07,0,0,0,0,,,,,,,,,,,,,,,,
DDO126-Bar-2,Robust,0.998,42,16.58,11,11,0,0,0,0,,,,,,,,,,,,,,,,
DDO126-Bar-2,Robust,1.069,45,18.36,11.52,11.52,0,0,0,0,,,,,,,,,,,,,,,,
DDO126-Bar-2,Robust,1.14,48,20.98,11.72,11.72,0,0,0,0,,,,,,,,,,,,,,,,
DDO126-Bar-2,Robust,1.212,51,24.08,12.29,12.29,0,0,0,0,,,,,,,,,,,,,,,,
DDO126-Bar-2,Robust,1.283,54,25.02,11.44,11.44,0,0,0,0,,,,,,,,,,,,,,,,
DDO126-Bar-2,Robust,1.354,57,25.82,16.2,16.2,0,0,0,0,,,,,,,,,,,,,,,,
DDO126-Bar-2,Robust,1.425,60,27.54,17.33,17.33,0,0,0,0,,,,,,,,,,,,,,,,
DDO126-Bar-2,Robust,1.497,63,28.09,17.6,17.6,0,0,0,0,,,,,,,,,,,,,,,,
DDO126-Bar-2,Robust,1.568,66,29.1,19.01,19.01,0,0,0,0,,,,,,,,,,,,,,,,
DDO126-Bar-2,Robust,1.639,69,30.91,18.88,18.88,0,0,0,0,,,,,,,,,,,,,,,,
DDO126-Bar-2,Robust,1.71,72,31.42,19.97,19.97,0,0,0,0,,,,,,,,,,,,,,,,
DDO126-Bar-2,Robust,1.782,75,32.42,20.73,20.73,0,0,0,0,,,,,,,,,,,,,,,,
DDO126-Bar-2,Robust,1.853,78,33.34,19.76,19.76,0,0,0,0,,,,,,,,,,,,,,,,
DDO126-Bar-2,Robust,1.924,81,34.62,19.51,19.51,0,0,0,0,,,,,,,,,,,,,,,,
DDO126-Bar-2,Robust,1.995,84,35,20.55,20.55,0,0,0,0,,,,,,,,,,,,,,,,
DDO126-Bar-2,Robust,2.067,87,35.69,19.05,19.05,0,0,0,0,,,,,,,,,,,,,,,,
DDO126-Bar-2,Robust,2.138,90,32.56,20,20,0,0,0,0,,,,,,,,,,,,,,,,
DDO126-Bar-2,Robust,2.209,93,34.16,19.44,19.44,0,0,0,0,,,,,,,,,,,,,,,,
DDO126-Bar-2,Robust,2.281,96,35.13,18.84,18.84,0,0,0,0,,,,,,,,,,,,,,,,
DDO126-Bar-2,Robust,2.352,99,37.41,15.47,15.47,0,0,0,0,,,,,,,,,,,,,,,,
DDO126-Bar-2,Robust,2.423,102,32.93,18.16,18.16,0,0,0,0,,,,,,,,,,,,,,,,
DDO126-Bar-2,Robust,2.494,105,38.71,14.73,14.73,0,0,0,0,,,,,,,,,,,,,,,,
DDO126-Bar-2,Robust,2.566,108,36.08,15.24,15.24,0,0,0,0,,,,,,,,,,,,,,,,
DDO126-Bar-2,Robust,2.637,111,36.65,15.59,15.59,0,0,0,0,,,,,,,,,,,,,,,,
DDO126-Bar-2,Robust,2.708,114,35.75,15.43,15.43,0,0,0,0,,,,,,,,,,,,,,,,
DDO126-Bar-2,Robust,2.779,117,37.28,15.38,15.38,0,0,0,0,,,,,,,,,,,,,,,,
DDO126-Bar-2,Robust,2.851,120,36.52,9.63,9.63,0,0,0,0,,,,,,,,,,,,,,,,
DDO126-Bar-2,Robust,2.922,123,35.79,16.34,16.34,0,0,0,0,,,,,,,,,,,,,,,,
DDO126-Bar-2,Robust,2.993,126,39.11,10.01,10.01,0,0,0,0,,,,,,,,,,,,,,,,
DDO126-Bar-2,Robust,3.065,129,37.19,14.36,14.36,0,0,0,0,,,,,,,,,,,,,,,,
DDO126-Bar-2,Robust,3.136,132,39.14,15.92,15.92,0,0,0,0,,,,,,,,,,,,,,,,
DDO126-Bar-2,Robust,3.207,135,39.39,14.76,14.76,0,0,0,0,,,,,,,,,,,,,,,,
DDO126-Bar-2,Robust,3.278,138,39.38,14.5,14.5,0,0,0,0,,,,,,,,,,,,,,,,
DDO154-Bar-2,Robust,0.054,3,0.36,5.59,5.59,-1.52,16.6,-1.09,6.04,,,,,,,,,,,,,,,,
DDO154-Bar-2,Robust,0.108,6,3.39,13.52,13.52,-0.88,4.37,-1.38,9.63,,,,,,,,,,,,,,,,
DDO154-Bar-2,Robust,0.161,9,3.73,16.41,16.41,-1.53,13.75,-4.77,12.98,,,,,,,,,,,,,,,,
DDO154-Bar-2,Robust,0.215,12,7.49,0.49,0.49,0,0,0,0,,,,,,,,,,,,,,,,
DDO154-Bar-2,Robust,0.269,15,9.33,3.35,3.35,0,0,0,0,,,,,,,,,,,,,,,,
DDO154-Bar-2,Robust,0.323,18,11.25,0.26,0.26,0,0,0,0,,,,,,,,,,,,,,,,
DDO154-Bar-2,Robust,0.377,21,12.66,2.67,2.67,0,0,0,0,,,,,,,,,,,,,,,,
DDO154-Bar-2,Robust,0.431,24,14.28,0.57,0.57,0,0,0,0,,,,,,,,,,,,,,,,
DDO154-Bar-2,Robust,0.484,27,12.85,1.87,1.87,0,0,0,0,,,,,,,,,,,,,,,,
DDO154-Bar-2,Robust,0.538,30,13.19,3.53,3.53,0,0,0,0,,,,,,,,,,,,,,,,
DDO154-Bar-2,Robust,0.592,33,15.16,2.76,2.76,0,0,0,0,,,,,,,,,,,,,,,,
DDO154-Bar-2,Robust,0.646,36,16.47,2.63,2.63,0,0,0,0,,,,,,,,,,,,,,,,
DDO154-Bar-2,Robust,0.7,39,16.94,1.48,1.48,0,0,0,0,,,,,,,,,,,,,,,,
DDO154-Bar-2,Robust,0.753,42,18.42,0.29,0.29,0,0,0,0,,,,,,,,,,,,,,,,
DDO154-Bar-2,Robust,0.807,45,18.94,2.14,2.14,0,0,0,0,,,,,,,,,,,,,,,,
DDO154-Bar-2,Robust,0.861,48,19.26,0.92,0.92,0,0,0,0,,,,,,,,,,,,,,,,
DDO154-Bar-2,Robust,0.915,51,19.84,2.79,2.79,0,0,0,0,,,,,,,,,,,,,,,,
DDO154-Bar-2,Robust,0.969,54,20.63,0.47,0.47,0,0,0,0,,,,,,,,,,,,,,,,
DDO154-Bar-2,Robust,1.022,57,20.98,0.52,0.52,0,0,0,0,,,,,,,,,,,,,,,,
DDO154-Bar-2,Robust,1.076,60,21.95,0.86,0.86,0,0,0,0,,,,,,,,,,,,,,,,
DDO154-Bar-2,Robust,1.13,63,22.9,1.28,1.28,0,0,0,0,,,,,,,,,,,,,,,,
DDO154-Bar-2,Robust,1.184,66,24.52,1.7,1.7,0,0,0,0,,,,,,,,,,,,,,,,
DDO154-Bar-2,Robust,1.238,69,25.79,1.81,1.81,0,0,0,0,,,,,,,,,,,,,,,,
DDO154-Bar-2,Robust,1.292,72,26.16,1.91,1.91,0,0,0,0,,,,,,,,,,,,,,,,
DDO154-Bar-2,Robust,1.345,75,26.82,2.48,2.48,0,0,0,0,,,,,,,,,,,,,,,,
DDO154-Bar-2,Robust,1.399,78,28.35,1.06,1.06,0,0,0,0,,,,,,,,,,,,,,,,
DDO154-Bar-2,Robust,1.453,81,29.56,1.57,1.57,0,0,0,0,,,,,,,,,,,,,,,,
DDO154-Bar-2,Robust,1.507,84,30.29,1.48,1.48,0,0,0,0,,,,,,,,,,,,,,,,
DDO154-Bar-2,Robust,1.561,87,31.43,1.05,1.05,0,0,0,0,,,,,,,,,,,,,,,,
DDO154-Bar-2,Robust,1.614,90,32.05,1.48,1.48,0,0,0,0,,,,,,,,,,,,,,,,
DDO154-Bar-2,Robust,1.668,93,32.33,0.78,0.78,0,0,0,0,,,,,,,,,,,,,,,,
DDO154-Bar-2,Robust,1.722,96,32.9,2.06,2.06,0,0,0,0,,,,,,,,,,,,,,,,
DDO154-Bar-2,Robust,1.776,99,33.94,1.34,1.34,0,0,0,0,,,,,,,,,,,,,,,,
DDO154-Bar-2,Robust,1.83,102,33.85,2.12,2.12,0,0,0,0,,,,,,,,,,,,,,,,
DDO154-Bar-2,Robust,1.883,105,34.92,2.22,2.22,0,0,0,0,,,,,,,,,,,,,,,,
DDO154-Bar-2,Robust,1.937,108,35.63,0.9,0.9,0,0,0,0,,,,,,,,,,,,,,,,
DDO154-Bar-2,Robust,1.991,111,35.88,1.62,1.62,0,0,0,0,,,,,,,,,,,,,,,,
DDO154-Bar-2,Robust,2.045,114,35.1,0.4,0.4,0,0,0,0,,,,,,,,,,,,,,,,
DDO154-Bar-2,Robust,2.099,117,34.68,0.99,0.99,0,0,0,0,,,,,,,,,,,,,,,,
DDO154-Bar-2,Robust,2.153,120,35.19,0.82,0.82,0,0,0,0,,,,,,,,,,,,,,,,
DDO154-Bar-2,Robust,2.206,123,36.22,1.25,1.25,0,0,0,0,,,,,,,,,,,,,,,,
DDO154-Bar-2,Robust,2.26,126,36.87,1.39,1.39,0,0,0,0,,,,,,,,,,,,,,,,
DDO154-Bar-2,Robust,2.314,129,38.01,0.98,0.98,0,0,0,0,,,,,,,,,,,,,,,,
DDO154-Bar-2,Robust,2.368,132,37.08,0.23,0.23,0,0,0,0,,,,,,,,,,,,,,,,
DDO154-Bar-2,Robust,2.422,135,37.21,1.43,1.43,0,0,0,0,,,,,,,,,,,,,,,,
DDO154-Bar-2,Robust,2.475,138,37.99,0.5,0.5,0,0,0,0,,,,,,,,,,,,,,,,
DDO154-Bar-2,Robust,2.529,141,38.45,0.82,0.82,0,0,0,0,,,,,,,,,,,,,,,,
DDO154-Bar-2,Robust,2.583,144,38.87,0.83,0.83,0,0,0,0,,,,,,,,,,,,,,,,
DDO154-Bar-2,Robust,2.637,147,38.51,0.73,0.73,0,0,0,0,,,,,,,,,,,,,,,,
DDO154-Bar-2,Robust,2.691,150,40.14,1.25,1.25,0,0,0,0,,,,,,,,,,,,,,,,
DDO154-Bar-2,Robust,2.745,153,40.54,1.12,1.12,0,0,0,0,,,,,,,,,,,,,,,,
DDO154-Bar-2,Robust,2.798,156,40.51,1.51,1.51,0,0,0,0,,,,,,,,,,,,,,,,
DDO154-Bar-2,Robust,2.852,159,41.17,2.02,2.02,0,0,0,0,,,,,,,,,,,,,,,,
DDO154-Bar-2,Robust,2.906,162,41.33,0.97,0.97,0,0,0,0,,,,,,,,,,,,,,,,
DDO154-Bar-2,Robust,2.96,165,41.52,1.43,1.43,0,0,0,0,,,,,,,,,,,,,,,,
DDO154-Bar-2,Robust,3.014,168,41.71,0.1,0.1,0,0,0,0,,,,,,,,,,,,,,,,
DDO154-Bar-2,Robust,3.067,171,41.47,1.45,1.45,0,0,0,0,,,,,,,,,,,,,,,,
DDO154-Bar-2,Robust,3.121,174,41.29,0.52,0.52,0,0,0,0,,,,,,,,,,,,,,,,
DDO154-Bar-2,Robust,3.175,177,42.49,1.56,1.56,0,0,0,0,,,,,,,,,,,,,,,,
DDO154-Bar-2,Robust,3.229,180,42.7,1.22,1.22,0,0,0,0,,,,,,,,,,,,,,,,
DDO154-Bar-2,Robust,3.283,183,42.58,1.14,1.14,0,0,0,0,,,,,,,,,,,,,,,,
DDO154-Bar-2,Robust,3.336,186,41.73,1.32,1.32,0,0,0,0,,,,,,,,,,,,,,,,
DDO154-Bar-2,Robust,3.39,189,41.04,0.82,0.82,0,0,0,0,,,,,,,,,,,,,,,,
DDO154-Bar-2,Robust,3.444,192,41.33,1.97,1.97,0,0,0,0,,,,,,,,,,,,,,,,
DDO154-Bar-2,Robust,3.498,195,41.93,1.03,1.03,0,0,0,0,,,,,,,,,,,,,,,,
DDO154-Bar-2,Robust,3.552,198,41.87,1.91,1.91,0,0,0,0,,,,,,,,,,,,,,,,
DDO154-Bar-2,Robust,3.606,201,43.27,0.84,0.84,0,0,0,0,,,,,,,,,,,,,,,,
DDO154-Bar-2,Robust,3.659,204,43.31,0.69,0.69,0,0,0,0,,,,,,,,,,,,,,,,
DDO154-Bar-2,Robust,3.713,207,43.52,1.41,1.41,0,0,0,0,,,,,,,,,,,,,,,,
DDO154-Bar-2,Robust,3.767,210,42.97,0.19,0.19,0,0,0,0,,,,,,,,,,,,,,,,
DDO154-Bar-2,Robust,3.821,213,43.65,0.08,0.08,0,0,0,0,,,,,,,,,,,,,,,,
DDO154-Bar-2,Robust,3.875,216,42.47,0.79,0.79,0,0,0,0,,,,,,,,,,,,,,,,
DDO154-Bar-2,Robust,3.928,219,43.96,1.29,1.29,0,0,0,0,,,,,,,,,,,,,,,,
DDO154-Bar-2,Robust,3.982,222,44.71,0.58,0.58,0,0,0,0,,,,,,,,,,,,,,,,
DDO154-Bar-2,Robust,4.036,225,44.81,1.24,1.24,0,0,0,0,,,,,,,,,,,,,,,,
DDO154-Bar-2,Robust,4.09,228,43.44,0.9,0.9,0,0,0,0,,,,,,,,,,,,,,,,
DDO154-Bar-2,Robust,4.144,231,45.39,0.99,0.99,0,0,0,0,,,,,,,,,,,,,,,,
DDO154-Bar-2,Robust,4.198,234,44.24,0.8,0.8,0,0,0,0,,,,,,,,,,,,,,,,
DDO154-Bar-2,Robust,4.251,237,44.58,1.07,1.07,0,0,0,0,,,,,,,,,,,,,,,,
DDO154-Bar-2,Robust,4.305,240,44.88,0.84,0.84,0,0,0,0,,,,,,,,,,,,,,,,
DDO154-Bar-2,Robust,4.359,243,45.64,0.67,0.67,0,0,0,0,,,,,,,,,,,,,,,,
DDO154-Bar-2,Robust,4.413,246,44.77,0.83,0.83,0,0,0,0,,,,,,,,,,,,,,,,
DDO154-Bar-2,Robust,4.467,249,43.1,0.81,0.81,0,0,0,0,,,,,,,,,,,,,,,,
DDO154-Bar-2,Robust,4.52,252,46.17,0.59,0.59,0,0,0,0,,,,,,,,,,,,,,,,
DDO154-Bar-2,Robust,4.574,255,45.13,0.94,0.94,0,0,0,0,,,,,,,,,,,,,,,,
DDO154-Bar-2,Robust,4.628,258,44.9,0.82,0.82,0,0,0,0,,,,,,,,,,,,,,,,
DDO154-Bar-2,Robust,4.682,261,45.7,0.44,0.44,0,0,0,0,,,,,,,,,,,,,,,,
DDO154-Bar-2,Robust,4.736,264,45.7,0.08,0.08,0,0,0,0,,,,,,,,,,,,,,,,
DDO154-Bar-2,Robust,4.789,267,45.04,0.33,0.33,0,0,0,0,,,,,,,,,,,,,,,,
DDO154-Bar-2,Robust,4.843,270,44.26,1.06,1.06,0,0,0,0,,,,,,,,,,,,,,,,
DDO154-Bar-2,Robust,4.897,273,44.86,0.78,0.78,0,0,0,0,,,,,,,,,,,,,,,,
DDO154-Bar-2,Robust,4.951,276,45.63,0.72,0.72,0,0,0,0,,,,,,,,,,,,,,,,
DDO154-Bar-2,Robust,5.005,279,45.31,0.98,0.98,0,0,0,0,,,,,,,,,,,,,,,,
DDO154-Bar-2,Robust,5.059,282,46.39,0.39,0.39,0,0,0,0,,,,,,,,,,,,,,,,
DDO154-Bar-2,Robust,5.112,285,46.02,0.24,0.24,0,0,0,0,,,,,,,,,,,,,,,,
DDO154-Bar-2,Robust,5.166,288,45.12,0.55,0.55,0,0,0,0,,,,,,,,,,,,,,,,
DDO154-Bar-2,Robust,5.22,291,47.2,0.14,0.14,0,0,0,0,,,,,,,,,,,,,,,,
DDO154-Bar-2,Robust,5.274,294,45.23,0.75,0.75,0,0,0,0,,,,,,,,,,,,,,,,
DDO154-Bar-2,Robust,5.328,297,45.35,0.32,0.32,0,0,0,0,,,,,,,,,,,,,,,,
DDO154-Bar-2,Robust,5.381,300,44.57,0.27,0.27,0,0,0,0,,,,,,,,,,,,,,,,
DDO154-Bar-2,Robust,5.435,303,44.8,0.82,0.82,0,0,0,0,,,,,,,,,,,,,,,,
DDO154-Bar-2,Robust,5.489,306,44.26,0.65,0.65,0,0,0,0,,,,,,,,,,,,,,,,
DDO154-Bar-2,Robust,5.543,309,44.08,0.51,0.51,0,0,0,0,,,,,,,,,,,,,,,,
DDO154-Bar-2,Robust,5.597,312,44.76,1.07,1.07,0,0,0,0,,,,,,,,,,,,,,,,
DDO154-Bar-2,Robust,5.65,315,44.6,0.94,0.94,0,0,0,0,,,,,,,,,,,,,,,,
DDO154-Bar-2,Robust,5.704,318,44.5,0.91,0.91,0,0,0,0,,,,,,,,,,,,,,,,
DDO154-Bar-2,Robust,5.758,321,44.47,1.14,1.14,0,0,0,0,,,,,,,,,,,,,,,,
DDO154-Bar-2,Robust,5.812,324,43.87,1.34,1.34,0,0,0,0,,,,,,,,,,,,,,,,
DDO154-Bar-2,Robust,5.866,327,44.47,0.95,0.95,0,0,0,0,,,,,,,,,,,,,,,,
DDO154-Bar-2,Robust,5.92,330,43.2,1.98,1.98,0,0,0,0,,,,,,,,,,,,,,,,
DDO154-Bar-2,Robust,5.973,333,43.51,1.58,1.58,0,0,0,0,,,,,,,,,,,,,,,,
DDO154-Bar-2,Robust,6.027,336,43.68,1.28,1.28,0,0,0,0,,,,,,,,,,,,,,,,
DDO154-Bar-2,Robust,6.081,339,44.86,0.89,0.89,0,0,0,0,,,,,,,,,,,,,,,,
DDO154-Bar-2,Robust,6.135,342,45.61,1.07,1.07,0,0,0,0,,,,,,,,,,,,,,,,
DDO154-Bar-2,Robust,6.189,345,43.32,1.52,1.52,0,0,0,0,,,,,,,,,,,,,,,,
DDO154-Bar-2,Robust,6.242,348,46.23,1.47,1.47,0,0,0,0,,,,,,,,,,,,,,,,
DDO154-Bar-2,Robust,6.296,351,44.96,1.51,1.51,0,0,0,0,,,,,,,,,,,,,,,,
DDO154-Bar-2,Robust,6.35,354,44.08,1.67,1.67,0,0,0,0,,,,,,,,,,,,,,,,
DDO154-Bar-2,Robust,6.404,357,46.24,1.28,1.28,0,0,0,0,,,,,,,,,,,,,,,,
DDO154-Bar-2,Robust,6.458,360,46.06,1.22,1.22,0,0,0,0,,,,,,,,,,,,,,,,
DDO154-Bar-2,Robust,6.512,363,45.91,0.99,0.99,0,0,0,0,,,,,,,,,,,,,,,,
DDO154-Bar-2,Robust,6.565,366,45.45,0.72,0.72,0,0,0,0,,,,,,,,,,,,,,,,
DDO154-Bar-2,Robust,6.619,369,45.72,0.59,0.59,0,0,0,0,,,,,,,,,,,,,,,,
DDO154-Bar-2,Robust,6.673,372,45.56,1.03,1.03,0,0,0,0,,,,,,,,,,,,,,,,
DDO154-Bar-2,Robust,6.727,375,44.49,1.04,1.04,0,0,0,0,,,,,,,,,,,,,,,,
DDO154-Bar-2,Robust,6.781,378,46.14,1.16,1.16,0,0,0,0,,,,,,,,,,,,,,,,
DDO154-Bar-2,Robust,6.834,381,45.58,1.53,1.53,0,0,0,0,,,,,,,,,,,,,,,,
DDO154-Bar-2,Robust,6.888,384,43.76,1.25,1.25,0,0,0,0,,,,,,,,,,,,,,,,
DDO154-Bar-2,Robust,6.942,387,43.07,0.78,0.78,0,0,0,0,,,,,,,,,,,,,,,,
DDO154-Bar-2,Robust,6.996,390,48.1,1.54,1.54,0,0,0,0,,,,,,,,,,,,,,,,
DDO154-Bar-2,Robust,7.05,393,41.55,0.18,0.18,0,0,0,0,,,,,,,,,,,,,,,,
DDO154-Bar-2,Robust,7.103,396,44.72,2.51,2.51,0,0,0,0,,,,,,,,,,,,,,,,
DDO154-Bar-2,Robust,7.157,399,45.45,2.63,2.63,0,0,0,0,,,,,,,,,,,,,,,,
DDO154-Bar-2,Robust,7.211,402,45.47,2.39,2.39,0,0,0,0,,,,,,,,,,,,,,,,
DDO154-Bar-2,Robust,7.265,405,45.35,2.42,2.42,0,0,0,0,,,,,,,,,,,,,,,,
DDO154-Bar-2,Robust,7.319,408,40.48,1.7,1.7,0,0,0,0,,,,,,,,,,,,,,,,
DDO154-Bar-2,Robust,7.373,411,43.84,1.34,1.34,0,0,0,0,,,,,,,,,,,,,,,,
DDO154-Bar-2,Robust,7.426,414,41.47,1.67,1.67,0,0,0,0,,,,,,,,,,,,,,,,
DDO154-Bar-2,Robust,7.48,417,43.82,0.37,0.37,0,0,0,0,,,,,,,,,,,,,,,,
DDO154-Bar-2,Robust,7.534,420,43.99,0.32,0.32,0,0,0,0,,,,,,,,,,,,,,,,
DDO168-Bar-2,Robust,0.063,3,4.35,5.17,5.17,3.12,3.47,3.6,6.31,,,,,,,,,,,,,,,,
DDO168-Bar-2,Robust,0.125,6,7.13,7.12,7.12,-6.24,11.37,-6.31,5.06,,,,,,,,,,,,,,,,
DDO168-Bar-2,Robust,0.188,9,6.2,9.22,9.22,-5.04,11.23,-4.02,11.42,,,,,,,,,,,,,,,,
DDO168-Bar-2,Robust,0.25,12,12.16,6.42,6.42,-8.04,6.32,-7.9,11.2,,,,,,,,,,,,,,,,
DDO168-Bar-2,Robust,0.313,15,13.43,5.83,5.83,-8.72,2.51,-6.09,6.26,,,,,,,,,,,,,,,,
DDO168-Bar-2,Robust,0.375,18,9.41,8.25,8.25,-2.94,6.06,-0.39,8.37,,,,,,,,,,,,,,,,
DDO168-Bar-2,Robust,0.438,21,10.77,2.37,2.37,0,0,0,0,,,,,,,,,,,,,,,,
DDO168-Bar-2,Robust,0.5,24,12.99,2.84,2.84,0,0,0,0,,,,,,,,,,,,,,,,
DDO168-Bar-2,Robust,0.563,27,16.13,0.74,0.74,0,0,0,0,,,,,,,,,,,,,,,,
DDO168-Bar-2,Robust,0.625,30,18.88,2.45,2.45,0,0,0,0,,,,,,,,,,,,,,,,
DDO168-Bar-2,Robust,0.688,33,20.67,2.89,2.89,0,0,0,0,,,,,,,,,,,,,,,,
DDO168-Bar-2,Robust,0.75,36,23.1,3.32,3.32,0,0,0,0,,,,,,,,,,,,,,,,
DDO168-Bar-2,Robust,0.813,39,24.44,7.83,7.83,0,0,0,0,,,,,,,,,,,,,,,,
DDO168-Bar-2,Robust,0.876,42,25.2,7.26,7.26,0,0,0,0,,,,,,,,,,,,,,,,
DDO168-Bar-2,Robust,0.938,45,26.54,8.4,8.4,0,0,0,0,,,,,,,,,,,,,,,,
DDO168-Bar-2,Robust,1.001,48,26.77,6.56,6.56,0,0,0,0,,,,,,,,,,,,,,,,
DDO168-Bar-2,Robust,1.063,51,28.02,8.84,8.84,0,0,0,0,,,,,,,,,,,,,,,,
DDO168-Bar-2,Robust,1.126,54,30.01,4.68,4.68,0,0,0,0,,,,,,,,,,,,,,,,
DDO168-Bar-2,Robust,1.188,57,31.23,6.14,6.14,0,0,0,0,,,,,,,,,,,,,,,,
DDO168-Bar-2,Robust,1.251,60,31.69,9.29,9.29,0,0,0,0,,,,,,,,,,,,,,,,
DDO168-Bar-2,Robust,1.313,63,33.82,0.77,0.77,0,0,0,0,,,,,,,,,,,,,,,,
DDO168-Bar-2,Robust,1.376,66,36.91,5.55,5.55,0,0,0,0,,,,,,,,,,,,,,,,
DDO168-Bar-2,Robust,1.438,69,40.56,1.88,1.88,0,0,0,0,,,,,,,,,,,,,,,,
DDO168-Bar-2,Robust,1.501,72,43.3,5.71,5.71,0,0,0,0,,,,,,,,,,,,,,,,
DDO168-Bar-2,Robust,1.564,75,41.47,0.85,0.85,0,0,0,0,,,,,,,,,,,,,,,,
DDO168-Bar-2,Robust,1.626,78,46.01,7.79,7.79,0,0,0,0,,,,,,,,,,,,,,,,
DDO168-Bar-2,Robust,1.689,81,46.45,4.11,4.11,0,0,0,0,,,,,,,,,,,,,,,,
DDO168-Bar-2,Robust,1.751,84,49.35,0.94,0.94,0,0,0,0,,,,,,,,,,,,,,,,
DDO168-Bar-2,Robust,1.814,87,48.37,0.65,0.65,0,0,0,0,,,,,,,,,,,,,,,,
DDO168-Bar-2,Robust,1.876,90,51.21,0.66,0.66,0,0,0,0,,,,,,,,,,,,,,,,
DDO168-Bar-2,Robust,1.939,93,46.83,1.06,1.06,0,0,0,0,,,,,,,,,,,,,,,,
DDO168-Bar-2,Robust,2.001,96,47.33,1.13,1.13,0,0,0,0,,,,,,,,,,,,,,,,
DDO168-Bar-2,Robust,2.064,99,54.5,4.3,4.3,0,0,0,0,,,,,,,,,,,,,,,,
DDO168-Bar-2,Robust,2.126,102,52.13,3.47,3.47,0,0,0,0,,,,,,,,,,,,,,,,
DDO168-Bar-2,Robust,2.189,105,57.25,3.85,3.85,0,0,0,0,,,,,,,,,,,,,,,,
DDO168-Bar-2,Robust,2.251,108,56.06,2,2,0,0,0,0,,,,,,,,,,,,,,,,
DDO168-Bar-2,Robust,2.314,111,56.01,1.8,1.8,0,0,0,0,,,,,,,,,,,,,,,,
DDO168-Bar-2,Robust,2.377,114,55.93,2.57,2.57,0,0,0,0,,,,,,,,,,,,,,,,
DDO168-Bar-2,Robust,2.439,117,57.45,4.08,4.08,0,0,0,0,,,,,,,,,,,,,,,,
DDO168-Bar-2,Robust,2.502,120,61.3,0.26,0.26,0,0,0,0,,,,,,,,,,,,,,,,
DDO168-Bar-2,Robust,2.564,123,59.99,0.15,0.15,0,0,0,0,,,,,,,,,,,,,,,,
DDO168-Bar-2,Robust,2.627,126,59.6,0.33,0.33,0,0,0,0,,,,,,,,,,,,,,,,
DDO168-Bar-2,Robust,2.689,129,58.11,2.83,2.83,0,0,0,0,,,,,,,,,,,,,,,,
DDO168-Bar-2,Robust,2.752,132,59.58,0.1,0.1,0,0,0,0,,,,,,,,,,,,,,,,
DDO168-Bar-2,Robust,2.814,135,61.69,5.34,5.34,0,0,0,0,,,,,,,,,,,,,,,,
DDO168-Bar-2,Robust,2.877,138,57.45,4.51,4.51,0,0,0,0,,,,,,,,,,,,,,,,
DDO168-Bar-2,Robust,2.939,141,59.69,5.27,5.27,0,0,0,0,,,,,,,,,,,,,,,,
DDO168-Bar-2,Robust,3.002,144,58.95,5.17,5.17,0,0,0,0,,,,,,,,,,,,,,,,
DDO168-Bar-2,Robust,3.065,147,58.68,4.81,4.81,0,0,0,0,,,,,,,,,,,,,,,,
DDO168-Bar-2,Robust,3.127,150,59.27,4.94,4.94,0,0,0,0,,,,,,,,,,,,,,,,
DDO168-Bar-2,Robust,3.19,153,56.61,0.42,0.42,0,0,0,0,,,,,,,,,,,,,,,,
DDO168-Bar-2,Robust,3.252,156,56.87,10.6,10.6,0,0,0,0,,,,,,,,,,,,,,,,
DDO168-Bar-2,Robust,3.315,159,57.49,3.33,3.33,0,0,0,0,,,,,,,,,,,,,,,,
DDO168-Bar-2,Robust,3.377,162,56.38,2.78,2.78,0,0,0,0,,,,,,,,,,,,,,,,
DDO168-Bar-2,Robust,3.44,165,55.99,2.36,2.36,0,0,0,0,,,,,,,,,,,,,,,,
DDO168-Bar-2,Robust,3.502,168,57.43,3.5,3.5,0,0,0,0,,,,,,,,,,,,,,,,
DDO168-Bar-2,Robust,3.565,171,57.29,3.08,3.08,0,0,0,0,,,,,,,,,,,,,,,,
DDO168-Bar-2,Robust,3.627,174,50.19,1.15,1.15,0,0,0,0,,,,,,,,,,,,,,,,
DDO168-Bar-2,Robust,3.69,177,56.68,1.79,1.79,0,0,0,0,,,,,,,,,,,,,,,,
DDO168-Bar-2,Robust,3.752,180,50.63,0.62,0.62,0,0,0,0,,,,,,,,,,,,,,,,
DDO168-Bar-2,Robust,3.815,183,54.24,1.38,1.38,0,0,0,0,,,,,,,,,,,,,,,,
DDO168-Bar-2,Robust,3.878,186,52.03,1.55,1.55,0,0,0,0,,,,,,,,,,,,,,,,
DDO168-Bar-2,Robust,3.94,189,47.64,1.24,1.24,0,0,0,0,,,,,,,,,,,,,,,,
DDO168-Bar-2,Robust,4.003,192,48.61,0.71,0.71,0,0,0,0,,,,,,,,,,,,,,,,
DDO168-Bar-2,Robust,4.065,195,46.78,0.3,0.3,0,0,0,0,,,,,,,,,,,,,,,,
DDO168-Bar-2,Robust,4.128,198,47.32,1.42,1.42,0,0,0,0,,,,,,,,,,,,,,,,
DDO168-Bar-2,Robust,4.19,201,47.51,1.83,1.83,0,0,0,0,,,,,,,,,,,,,,,,
DDO210-Bar-2,Robust,0.02,5,1.84,4.03,4.03,-0.66,3.16,-0.29,3.12,,,,,,,,,,,,,,,,
DDO210-Bar-2,Robust,0.039,9,1.77,4.67,4.67,-0.98,9.69,0.4,3.74,,,,,,,,,,,,,,,,
DDO210-Bar-2,Robust,0.059,14,1.46,0.97,0.97,0,0,0,0,,,,,,,,,,,,,,,,
DDO210-Bar-2,Robust,0.079,18,2.07,0.14,0.14,0,0,0,0,,,,,,,,,,,,,,,,
DDO210-Bar-2,Robust,0.098,23,3.06,0.48,0.48,0,0,0,0,,,,,,,,,,,,,,,,
DDO210-Bar-2,Robust,0.118,27,3.3,0.77,0.77,0,0,0,0,,,,,,,,,,,,,,,,
DDO210-Bar-2,Robust,0.137,32,3.99,0.65,0.65,0,0,0,0,,,,,,,,,,,,,,,,
DDO210-Bar-2,Robust,0.157,36,4.53,0.78,0.78,0,0,0,0,,,,,,,,,,,,,,,,
DDO210-Bar-2,Robust,0.177,41,4.44,1,1,0,0,0,0,,,,,,,,,,,,,,,,
DDO210-Bar-2,Robust,0.196,45,4.51,0.05,0.05,0,0,0,0,,,,,,,,,,,,,,,,
DDO210-Bar-2,Robust,0.216,50,5.34,1.02,1.02,0,0,0,0,,,,,,,,,,,,,,,,
DDO210-Bar-2,Robust,0.236,54,6.29,1.25,1.25,0,0,0,0,,,,,,,,,,,,,,,,
DDO210-Bar-2,Robust,0.255,59,6.51,1.08,1.08,0,0,0,0,,,,,,,,,,,,,,,,
DDO210-Bar-2,Robust,0.275,63,5.67,0.19,0.19,0,0,0,0,,,,,,,,,,,,,,,,
DDO210-Bar-2,Robust,0.295,68,5.03,1.14,1.14,0,0,0,0,,,,,,,,,,,,,,,,
DDO210-Bar-2,Robust,0.314,72,6.12,1.13,1.13,0,0,0,0,,,,,,,,,,,,,,,,
DDO210-Bar-2,Robust,0.334,77,6.12,0.72,0.72,0,0,0,0,,,,,,,,,,,,,,,,
DDO210-Bar-2,Robust,0.353,81,7.1,0.49,0.49,0,0,0,0,,,,,,,,,,,,,,,,
DDO210-Bar-2,Robust,0.373,86,7.08,0.4,0.4,0,0,0,0,,,,,,,,,,,,,,,,
DDO210-Bar-2,Robust,0.393,90,7.95,0.05,0.05,0,0,0,0,,,,,,,,,,,,,,,,
DDO210-Bar-2,Robust,0.412,95,6.44,0.12,0.12,0,0,0,0,,,,,,,,,,,,,,,,
DDO210-Bar-2,Robust,0.432,99,2.44,0.36,0.36,0,0,0,0,,,,,,,,,,,,,,,,
DDO210-Bar-2,Robust,0.452,104,3.62,0.66,0.66,0,0,0,0,,,,,,,,,,,,,,,,
DDO210-Bar-2,Robust,0.471,108,1.61,0.62,0.62,0,0,0,0,,,,,,,,,,,,,,,,
DDO210-Bar-2,Robust,0.491,113,0.27,0.68,0.68,0,0,0,0,,,,,,,,,,,,,,,,
NGC2366-Bar-2,Robust,0.049,3,1.04,7.96,7.96,-5.72,42.76,-4.42,12.17,,,,,,,,,,,,,,,,
NGC2366-Bar-2,Robust,0.099,6,9.78,4.11,4.11,-9.9,9.06,-9.67,8.34,,,,,,,,,,,,,,,,
NGC2366-Bar-2,Robust,0.148,9,0.58,5.12,5.12,1.77,6.92,5.85,4.48,,,,,,,,,,,,,,,,
NGC2366-Bar-2,Robust,0.198,12,8.95,9.41,9.41,-5.83,13,-9.88,31.85,,,,,,,,,,,,,,,,
NGC2366-Bar-2,Robust,0.247,15,18.14,33.68,33.68,17.25,23.04,9.75,23.42,,,,,,,,,,,,,,,,
NGC2366-Bar-2,Robust,0.297,18,31.15,28.21,28.21,28.74,17.83,21.37,14.9,,,,,,,,,,,,,,,,
NGC2366-Bar-2,Robust,0.346,21,60.14,9.26,9.26,58.68,7.74,48.81,24.79,,,,,,,,,,,,,,,,
NGC2366-Bar-2,Robust,0.396,24,3.26,5.87,5.87,0,0,0,0,,,,,,,,,,,,,,,,
NGC2366-Bar-2,Robust,0.445,27,6.85,1.57,1.57,0,0,0,0,,,,,,,,,,,,,,,,
NGC2366-Bar-2,Robust,0.495,30,7.65,0.71,0.71,0,0,0,0,,,,,,,,,,,,,,,,
NGC2366-Bar-2,Robust,0.544,33,9.58,4.62,4.62,0,0,0,0,,,,,,,,,,,,,,,,
NGC2366-Bar-2,Robust,0.593,36,8.24,9.08,9.08,0,0,0,0,,,,,,,,,,,,,,,,
NGC2366-Bar-2,Robust,0.643,39,11.24,3.76,3.76,0,0,0,0,,,,,,,,,,,,,,,,
NGC2366-Bar-2,Robust,0.692,42,15.36,7.7,7.7,0,0,0,0,,,,,,,,,,,,,,,,
NGC2366-Bar-2,Robust,0.742,45,18.11,4.38,4.38,0,0,0,0,,,,,,,,,,,,,,,,
NGC2366-Bar-2,Robust,0.791,48,18.54,5.37,5.37,0,0,0,0,,,,,,,,,,,,,,,,
NGC2366-Bar-2,Robust,0.841,51,22.04,5.74,5.74,0,0,0,0,,,,,,,,,,,,,,,,
NGC2366-Bar-2,Robust,0.89,54,21.94,3.11,3.11,0,0,0,0,,,,,,,,,,,,,,,,
NGC2366-Bar-2,Robust,0.94,57,22.41,3.38,3.38,0,0,0,0,,,,,,,,,,,,,,,,
NGC2366-Bar-2,Robust,0.989,60,23.89,2.09,2.09,0,0,0,0,,,,,,,,,,,,,,,,
NGC2366-Bar-2,Robust,1.038,63,24.59,5.17,5.17,0,0,0,0,,,,,,,,,,,,,,,,
NGC2366-Bar-2,Robust,1.088,66,26.66,6.05,6.05,0,0,0,0,,,,,,,,,,,,,,,,
NGC2366-Bar-2,Robust,1.137,69,26.62,3.39,3.39,0,0,0,0,,,,,,,,,,,,,,,,
NGC2366-Bar-2,Robust,1.187,72,27.48,5.5,5.5,0,0,0,0,,,,,,,,,,,,,,,,
NGC2366-Bar-2,Robust,1.236,75,29.15,3.37,3.37,0,0,0,0,,,,,,,,,,,,,,,,
NGC2366-Bar-2,Robust,1.286,78,29.74,6.54,6.54,0,0,0,0,,,,,,,,,,,,,,,,
NGC2366-Bar-2,Robust,1.335,81,33.17,6.06,6.06,0,0,0,0,,,,,,,,,,,,,,,,
NGC2366-Bar-2,Robust,1.385,84,35.26,6.11,6.11,0,0,0,0,,,,,,,,,,,,,,,,
NGC2366-Bar-2,Robust,1.434,87,36.8,6.11,6.11,0,0,0,0,,,,,,,,,,,,,,,,
NGC2366-Bar-2,Robust,1.484,90,38.38,5.09,5.09,0,0,0,0,,,,,,,,,,,,,,,,
NGC2366-Bar-2,Robust,1.533,93,38.99,4.07,4.07,0,0,0,0,,,,,,,,,,,,,,,,
NGC2366-Bar-2,Robust,1.582,96,39.45,7.27,7.27,0,0,0,0,,,,,,,,,,,,,,,,
NGC2366-Bar-2,Robust,1.632,99,40.86,4.03,4.03,0,0,0,0,,,,,,,,,,,,,,,,
NGC2366-Bar-2,Robust,1.681,102,41.43,5.5,5.5,0,0,0,0,,,,,,,,,,,,,,,,
NGC2366-Bar-2,Robust,1.731,105,42.92,5.55,5.55,0,0,0,0,,,,,,,,,,,,,,,,
NGC2366-Bar-2,Robust,1.78,108,43.73,3.11,3.11,0,0,0,0,,,,,,,,,,,,,,,,
NGC2366-Bar-2,Robust,1.83,111,44.06,1.23,1.23,0,0,0,0,,,,,,,,,,,,,,,,
NGC2366-Bar-2,Robust,1.879,114,45.2,4.15,4.15,0,0,0,0,,,,,,,,,,,,,,,,
NGC2366-Bar-2,Robust,1.929,117,46.43,0.73,0.73,0,0,0,0,,,,,,,,,,,,,,,,
NGC2366-Bar-2,Robust,1.978,120,44.63,1.27,1.27,0,0,0,0,,,,,,,,,,,,,,,,
NGC2366-Bar-2,Robust,2.027,123,48.34,2.77,2.77,0,0,0,0,,,,,,,,,,,,,,,,
NGC2366-Bar-2,Robust,2.077,126,50.96,1.51,1.51,0,0,0,0,,,,,,,,,,,,,,,,
NGC2366-Bar-2,Robust,2.126,129,49.19,4.75,4.75,0,0,0,0,,,,,,,,,,,,,,,,
NGC2366-Bar-2,Robust,2.176,132,50.65,1.54,1.54,0,0,0,0,,,,,,,,,,,,,,,,
NGC2366-Bar-2,Robust,2.225,135,50.68,0.65,0.65,0,0,0,0,,,,,,,,,,,,,,,,
NGC2366-Bar-2,Robust,2.275,138,49.54,2.31,2.31,0,0,0,0,,,,,,,,,,,,,,,,
NGC2366-Bar-2,Robust,2.324,141,52.07,4.33,4.33,0,0,0,0,,,,,,,,,,,,,,,,
NGC2366-Bar-2,Robust,2.374,144,51.77,1.21,1.21,0,0,0,0,,,,,,,,,,,,,,,,
NGC2366-Bar-2,Robust,2.423,147,51.79,1.15,1.15,0,0,0,0,,,,,,,,,,,,,,,,
NGC2366-Bar-2,Robust,2.473,150,50.65,0.81,0.81,0,0,0,0,,,,,,,,,,,,,,,,
NGC2366-Bar-2,Robust,2.522,153,54.25,4.12,4.12,0,0,0,0,,,,,,,,,,,,,,,,
NGC2366-Bar-2,Robust,2.571,156,59.13,2.25,2.25,0,0,0,0,,,,,,,,,,,,,,,,
NGC2366-Bar-2,Robust,2.621,159,56.47,4.56,4.56,0,0,0,0,,,,,,,,,,,,,,,,
NGC2366-Bar-2,Robust,2.67,162,56.12,3.87,3.87,0,0,0,0,,,,,,,,,,,,,,,,
NGC2366-Bar-2,Robust,2.72,165,53.44,5.12,5.12,0,0,0,0,,,,,,,,,,,,,,,,
NGC2366-Bar-2,Robust,2.769,168,55.72,4.26,4.26,0,0,0,0,,,,,,,,,,,,,,,,
NGC2366-Bar-2,Robust,2.819,171,56.53,1.53,1.53,0,0,0,0,,,,,,,,,,,,,,,,
NGC2366-Bar-2,Robust,2.868,174,56.71,2.89,2.89,0,0,0,0,,,,,,,,,,,,,,,,
NGC2366-Bar-2,Robust,2.918,177,57.86,3.68,3.68,0,0,0,0,,,,,,,,,,,,,,,,
NGC2366-Bar-2,Robust,2.967,180,55.71,2.45,2.45,0,0,0,0,,,,,,,,,,,,,,,,
NGC2366-Bar-2,Robust,3.017,183,56.92,1.1,1.1,0,0,0,0,,,,,,,,,,,,,,,,
NGC2366-Bar-2,Robust,3.066,186,55.77,3.05,3.05,0,0,0,0,,,,,,,,,,,,,,,,
NGC2366-Bar-2,Robust,3.115,189,57.81,1.28,1.28,0,0,0,0,,,,,,,,,,,,,,,,
NGC2366-Bar-2,Robust,3.165,192,54.52,3.2,3.2,0,0,0,0,,,,,,,,,,,,,,,,
NGC2366-Bar-2,Robust,3.214,195,58.85,2.09,2.09,0,0,0,0,,,,,,,,,,,,,,,,
NGC2366-Bar-2,Robust,3.264,198,54.84,1.39,1.39,0,0,0,0,,,,,,,,,,,,,,,,
NGC2366-Bar-2,Robust,3.313,201,56.07,2.4,2.4,0,0,0,0,,,,,,,,,,,,,,,,
NGC2366-Bar-2,Robust,3.363,204,54.23,3.22,3.22,0,0,0,0,,,,,,,,,,,,,,,,
NGC2366-Bar-2,Robust,3.412,207,59.86,2.23,2.23,0,0,0,0,,,,,,,,,,,,,,,,
NGC2366-Bar-2,Robust,3.462,210,57.93,3.19,3.19,0,0,0,0,,,,,,,,,,,,,,,,
NGC2366-Bar-2,Robust,3.511,213,59.23,3.37,3.37,0,0,0,0,,,,,,,,,,,,,,,,
NGC2366-Bar-2,Robust,3.56,216,56.3,2.74,2.74,0,0,0,0,,,,,,,,,,,,,,,,
NGC2366-Bar-2,Robust,3.61,219,60.08,4.04,4.04,0,0,0,0,,,,,,,,,,,,,,,,
NGC2366-Bar-2,Robust,3.659,222,55.4,2.66,2.66,0,0,0,0,,,,,,,,,,,,,,,,
NGC2366-Bar-2,Robust,3.709,225,53.67,0.34,0.34,0,0,0,0,,,,,,,,,,,,,,,,
NGC2366-Bar-2,Robust,3.758,228,56.64,3.26,3.26,0,0,0,0,,,,,,,,,,,,,,,,
NGC2366-Bar-2,Robust,3.808,231,60.96,2.91,2.91,0,0,0,0,,,,,,,,,,,,,,,,
NGC2366-Bar-2,Robust,3.857,234,57.09,2.92,2.92,0,0,0,0,,,,,,,,,,,,,,,,
NGC2366-Bar-2,Robust,3.907,237,55.91,3.2,3.2,0,0,0,0,,,,,,,,,,,,,,,,
NGC2366-Bar-2,Robust,3.956,240,59,1.49,1.49,0,0,0,0,,,,,,,,,,,,,,,,
NGC2366-Bar-2,Robust,4.006,243,56.28,2.59,2.59,0,0,0,0,,,,,,,,,,,,,,,,
NGC2366-Bar-2,Robust,4.055,246,55.69,1.58,1.58,0,0,0,0,,,,,,,,,,,,,,,,
NGC2366-Bar-2,Robust,4.104,249,55.66,3.19,3.19,0,0,0,0,,,,,,,,,,,,,,,,
NGC2366-Bar-2,Robust,4.154,252,55,1.92,1.92,0,0,0,0,,,,,,,,,,,,,,,,
NGC2366-Bar-2,Robust,4.203,255,54.36,2.59,2.59,0,0,0,0,,,,,,,,,,,,,,,,
NGC2366-Bar-2,Robust,4.253,258,55.1,2.76,2.76,0,0,0,0,,,,,,,,,,,,,,,,
NGC2366-Bar-2,Robust,4.302,261,54,3.37,3.37,0,0,0,0,,,,,,,,,,,,,,,,
NGC2366-Bar-2,Robust,4.352,264,57.22,3.91,3.91,0,0,0,0,,,,,,,,,,,,,,,,
NGC2366-Bar-2,Robust,4.401,267,59.17,3.54,3.54,0,0,0,0,,,,,,,,,,,,,,,,
NGC2366-Bar-2,Robust,4.451,270,59.15,3.69,3.69,0,0,0,0,,,,,,,,,,,,,,,,
NGC2366-Bar-2,Robust,4.5,273,59.54,3.97,3.97,0,0,0,0,,,,,,,,,,,,,,,,
NGC2366-Bar-2,Robust,4.549,276,61.94,4.36,4.36,0,0,0,0,,,,,,,,,,,,,,,,
NGC2366-Bar-2,Robust,4.599,279,60.77,4.98,4.98,0,0,0,0,,,,,,,,,,,,,,,,
NGC2366-Bar-2,Robust,4.648,282,63.65,4.28,4.28,0,0,0,0,,,,,,,,,,,,,,,,
NGC2366-Bar-2,Robust,4.698,285,62.4,3.89,3.89,0,0,0,0,,,,,,,,,,,,,,,,
NGC2366-Bar-2,Robust,4.747,288,62.36,3.2,3.2,0,0,0,0,,,,,,,,,,,,,,,,
NGC2366-Bar-2,Robust,4.797,291,58.51,3.31,3.31,0,0,0,0,,,,,,,,,,,,,,,,
NGC2366-Bar-2,Robust,4.846,294,62.78,3.4,3.4,0,0,0,0,,,,,,,,,,,,,,,,
NGC2366-Bar-2,Robust,4.896,297,60.74,4.03,4.03,0,0,0,0,,,,,,,,,,,,,,,,
NGC2366-Bar-2,Robust,4.945,300,64.14,4.63,4.63,0,0,0,0,,,,,,,,,,,,,,,,
NGC2366-Bar-2,Robust,4.995,303,61.94,5.88,5.88,0,0,0,0,,,,,,,,,,,,,,,,
NGC2366-Bar-2,Robust,5.044,306,61.32,5.4,5.4,0,0,0,0,,,,,,,,,,,,,,,,
NGC2366-Bar-2,Robust,5.093,309,60.51,5.78,5.78,0,0,0,0,,,,,,,,,,,,,,,,
NGC2366-Bar-2,Robust,5.143,312,64.2,4.74,4.74,0,0,0,0,,,,,,,,,,,,,,,,
NGC2366-Bar-2,Robust,5.192,315,61.23,5.44,5.44,0,0,0,0,,,,,,,,,,,,,,,,
NGC2366-Bar-2,Robust,5.242,318,62.09,5.94,5.94,0,0,0,0,,,,,,,,,,,,,,,,
NGC2366-Bar-2,Robust,5.291,321,62.34,5.9,5.9,0,0,0,0,,,,,,,,,,,,,,,,
NGC2366-Bar-2,Robust,5.341,324,59.87,5.98,5.98,0,0,0,0,,,,,,,,,,,,,,,,
NGC2366-Bar-2,Robust,5.39,327,63.16,6.21,6.21,0,0,0,0,,,,,,,,,,,,,,,,
NGC2366-Bar-2,Robust,5.44,330,65.7,6.81,6.81,0,0,0,0,,,,,,,,,,,,,,,,
NGC2366-Bar-2,Robust,5.489,333,61.41,6.98,6.98,0,0,0,0,,,,,,,,,,,,,,,,
NGC2366-Bar-2,Robust,5.539,336,64.39,5.02,5.02,0,0,0,0,,,,,,,,,,,,,,,,
NGC2366-Bar-2,Robust,5.588,339,60.86,4.97,4.97,0,0,0,0,,,,,,,,,,,,,,,,
NGC2366-Bar-2,Robust,5.637,342,59.36,4.97,4.97,0,0,0,0,,,,,,,,,,,,,,,,
NGC2366-Bar-2,Robust,5.687,345,56.76,4.83,4.83,0,0,0,0,,,,,,,,,,,,,,,,
NGC2366-Bar-2,Robust,5.736,348,61.74,5.68,5.68,0,0,0,0,,,,,,,,,,,,,,,,
NGC2366-Bar-2,Robust,5.786,351,57.85,7.49,7.49,0,0,0,0,,,,,,,,,,,,,,,,
NGC2366-Bar-2,Robust,5.835,354,52.59,6.5,6.5,0,0,0,0,,,,,,,,,,,,,,,,
NGC2366-Bar-2,Robust,5.885,357,59.26,6.54,6.54,0,0,0,0,,,,,,,,,,,,,,,,
NGC2366-Bar-2,Robust,5.934,360,58.84,6.49,6.49,0,0,0,0,,,,,,,,,,,,,,,,
NGC2366-Bar-2,Robust,5.984,363,57.41,2.77,2.77,0,0,0,0,,,,,,,,,,,,,,,,
NGC2366-Bar-2,Robust,6.033,366,55.24,5.16,5.16,0,0,0,0,,,,,,,,,,,,,,,,
NGC2366-Bar-2,Robust,6.082,369,58.81,4.82,4.82,0,0,0,0,,,,,,,,,,,,,,,,
NGC2366-Bar-2,Robust,6.132,372,55.43,1.44,1.44,0,0,0,0,,,,,,,,,,,,,,,,
NGC2366-Bar-2,Robust,6.181,375,54.14,5.87,5.87,0,0,0,0,,,,,,,,,,,,,,,,
NGC2366-Bar-2,Robust,6.231,378,52.12,4.67,4.67,0,0,0,0,,,,,,,,,,,,,,,,
NGC2366-Bar-2,Robust,6.28,381,46.47,0.4,0.4,0,0,0,0,,,,,,,,,,,,,,,,
NGC2366-Bar-2,Robust,6.33,384,52.14,3.88,3.88,0,0,0,0,,,,,,,,,,,,,,,,
NGC2366-Bar-2,Robust,6.379,387,50.89,5.74,5.74,0,0,0,0,,,,,,,,,,,,,,,,
NGC2366-Bar-2,Robust,6.429,390,52.87,5.86,5.86,0,0,0,0,,,,,,,,,,,,,,,,
NGC2366-Bar-2,Robust,6.478,393,52.3,3.07,3.07,0,0,0,0,,,,,,,,,,,,,,,,
NGC2366-Bar-2,Robust,6.528,396,52.91,2.04,2.04,0,0,0,0,,,,,,,,,,,,,,,,
NGC2366-Bar-2,Robust,6.577,399,47.85,1.96,1.96,0,0,0,0,,,,,,,,,,,,,,,,
NGC2366-Bar-2,Robust,6.626,402,47.74,2.12,2.12,0,0,0,0,,,,,,,,,,,,,,,,
NGC2366-Bar-2,Robust,6.676,405,45.58,1.31,1.31,0,0,0,0,,,,,,,,,,,,,,,,
NGC2366-Bar-2,Robust,6.725,408,47.92,5.63,5.63,0,0,0,0,,,,,,,,,,,,,,,,
NGC2366-Bar-2,Robust,6.775,411,44.93,1.14,1.14,0,0,0,0,,,,,,,,,,,,,,,,
NGC2366-Bar-2,Robust,6.824,414,39.22,2.23,2.23,0,0,0,0,,,,,,,,,,,,,,,,
NGC2366-Bar-2,Robust,6.874,417,48.03,3.82,3.82,0,0,0,0,,,,,,,,,,,,,,,,
NGC2366-Bar-2,Robust,6.923,420,38.47,2.83,2.83,0,0,0,0,,,,,,,,,,,,,,,,
NGC2366-Bar-2,Robust,6.973,423,40.93,3.72,3.72,0,0,0,0,,,,,,,,,,,,,,,,
NGC2366-Bar-2,Robust,7.022,426,39.35,3.68,3.68,0,0,0,0,,,,,,,,,,,,,,,,
UGC8508-Bar-2,Robust,0.038,3,7.94,32.59,32.59,-17.35,38.7,50.55,129.51,,,,,,,,,,,,,,,,
UGC8508-Bar-2,Robust,0.076,6,19,13.35,13.35,0,0,0,0,,,,,,,,,,,,,,,,
UGC8508-Bar-2,Robust,0.113,9,4.43,3.86,3.86,0,0,0,0,,,,,,,,,,,,,,,,
UGC8508-Bar-2,Robust,0.151,12,0.36,5.94,5.94,0,0,0,0,,,,,,,,,,,,,,,,
UGC8508-Bar-2,Robust,0.189,15,7.79,1.65,1.65,0,0,0,0,,,,,,,,,,,,,,,,
UGC8508-Bar-2,Robust,0.227,18,15.75,2.52,2.52,0,0,0,0,,,,,,,,,,,,,,,,
UGC8508-Bar-2,Robust,0.265,21,44.58,6.5,6.5,0,0,0,0,,,,,,,,,,,,,,,,
UGC8508-Bar-2,Robust,0.303,24,43.94,8.6,8.6,0,0,0,0,,,,,,,,,,,,,,,,
UGC8508-Bar-2,Robust,0.34,27,46.45,8.4,8.4,0,0,0,0,,,,,,,,,,,,,,,,
UGC8508-Bar-2,Robust,0.378,30,55.72,16.61,16.61,0,0,0,0,,,,,,,,,,,,,,,,
UGC8508-Bar-2,Robust,0.416,33,61.5,11.38,11.38,0,0,0,0,,,,,,,,,,,,,,,,
UGC8508-Bar-2,Robust,0.454,36,62.12,16.15,16.15,0,0,0,0,,,,,,,,,,,,,,,,
UGC8508-Bar-2,Robust,0.492,39,69.17,6.31,6.31,0,0,0,0,,,,,,,,,,,,,,,,
UGC8508-Bar-2,Robust,0.529,42,41.06,9.14,9.14,0,0,0,0,,,,,,,,,,,,,,,,
UGC8508-Bar-2,Robust,0.567,45,68.7,5.25,5.25,0,0,0,0,,,,,,,,,,,,,,,,
UGC8508-Bar-2,Robust,0.605,48,53.91,5.3,5.3,0,0,0,0,,,,,,,,,,,,,,,,
UGC8508-Bar-2,Robust,0.643,51,67.06,5.1,5.1,0,0,0,0,,,,,,,,,,,,,,,,
UGC8508-Bar-2,Robust,0.681,54,58.34,0.88,0.88,0,0,0,0,,,,,,,,,,,,,,,,
UGC8508-Bar-2,Robust,0.718,57,60.09,2.06,2.06,0,0,0,0,,,,,,,,,,,,,,,,
UGC8508-Bar-2,Robust,0.756,60,60.11,3.39,3.39,0,0,0,0,,,,,,,,,,,,,,,,2
UGC8508-Bar-2,Robust,0.794,63,41.2,3.49,3.49,0,0,0,0,,,,,,,,,,,,,,,,4
UGC8508-Bar-2,Robust,0.832,66,55.09,1.44,1.44,0,0,0,0,,,,,,,,,,,,,,,,6
UGC8508-Bar-2,Robust,0.87,69,62.57,6.83,6.83,0,0,0,0,,,,,,,,,,,,,,,,8
UGC8508-Bar-2,Robust,0.908,72,64.45,14.44,14.44,0,0,0,0,,,,,,,,,,,,,,,,10
UGC8508-Bar-2,Robust,0.945,75,64.02,3.84,3.84,0,0,0,0,,,,,,,,,,,,,,,,12
UGC8508-Bar-2,Robust,0.983,78,53.85,0.68,0.68,0,0,0,0,,,,,,,,,,,,,,,,14
UGC8508-Bar-2,Robust,1.021,81,57.47,1.39,1.39,0,0,0,0,,,,,,,,,,,,,,,,16
UGC8508-Bar-2,Robust,1.059,84,63.25,3.06,3.06,0,0,0,0,,,,,,,,,,,,,,,,18
UGC8508-Bar-2,Robust,1.097,87,67.31,3.95,3.95,0,0,0,0,,,,,,,,,,,,,,,,20
UGC8508-Bar-2,Robust,1.134,90,67.69,2.92,2.92,0,0,0,0,,,,,,,,,,,,,,,,22
UGC8508-Bar-2,Robust,1.172,93,69,4.54,4.54,0,0,0,0,,,,,,,,,,,,,,,,24
UGC8508-Bar-2,Robust,1.21,96,75.07,5.56,5.56,0,0,0,0,,,,,,,,,,,,,,,,26
UGC8508-Bar-2,Robust,1.248,99,68.37,5.63,5.63,0,0,0,0,,,,,,,,,,,,,,,,28
UGC8508-Bar-2,Robust,1.286,102,75.28,4.55,4.55,0,0,0,0,,,,,,,,,,,,,,,,30
UGC8508-Bar-2,Robust,1.324,105,63.39,3.94,3.94,0,0,0,0,,,,,,,,,,,,,,,,32
UGC8508-Bar-2,Robust,1.361,108,96.58,6.29,6.29,0,0,0,0,,,,,,,,,,,,,,,,34
UGC8508-Bar-2,Robust,1.399,111,89.22,8.7,8.7,0,0,0,0,,,,,,,,,,,,,,,,36
UGC8508-Bar-2,Robust,1.437,114,90.48,0.41,0.41,0,0,0,0,,,,,,,,,,,,,,,,38
UGC8508-Bar-2,Robust,1.475,117,91.24,0.48,0.48,0,0,0,0,,,,,,,,,,,,,,,,40
WLM-Bar-2,Robust,0.038,3,1.93,4.51,4.51,-0.1,13.04,-0.1,12.97,,,,,,,,,,,,,,,,
WLM-Bar-2,Robust,0.076,6,0.5,10.68,10.68,1.52,2.34,1.85,9.19,,,,,,,,,,,,,,,,
WLM-Bar-2,Robust,0.113,9,0.98,3.05,3.05,0.95,1.98,1.39,4.8,,,,,,,,,,,,,,,,
WLM-Bar-2,Robust,0.151,12,2.24,2.97,2.97,-1.45,11.4,1.71,3.02,,,,,,,,,,,,,,,,
WLM-Bar-2,Robust,0.189,15,4.24,4.08,4.08,-6.11,6.79,1.01,5.61,,,,,,,,,,,,,,,,
WLM-Bar-2,Robust,0.227,18,1.67,2.93,2.93,-2.54,2.41,2.23,4.43,,,,,,,,,,,,,,,,
WLM-Bar-2,Robust,0.265,21,2.37,9.46,9.46,-1.51,9.98,0.94,12.1,,,,,,,,,,,,,,,,
WLM-Bar-2,Robust,0.303,24,1.93,1.98,1.98,0.28,5.17,0.94,4.8,,,,,,,,,,,,,,,,
WLM-Bar-2,Robust,0.34,27,2.39,3.19,3.19,-0.06,4.07,1.31,5.41,,,,,,,,,,,,,,,,
WLM-Bar-2,Robust,0.378,30,2.97,3.65,3.65,0.87,9.03,1.9,2.84,,,,,,,,,,,,,,,,
WLM-Bar-2,Robust,0.416,33,4.47,1.66,1.66,1.48,4.85,1.1,2.42,,,,,,,,,,,,,,,,
WLM-Bar-2,Robust,0.454,36,3.99,6.17,6.17,3.76,7.61,0.61,7.38,,,,,,,,,,,,,,,,
WLM-Bar-2,Robust,0.492,39,6.29,0.73,0.73,0,0,0,0,,,,,,,,,,,,,,,,
WLM-Bar-2,Robust,0.529,42,7.09,2.12,2.12,0,0,0,0,,,,,,,,,,,,,,,,
WLM-Bar-2,Robust,0.567,45,7.74,0.8,0.8,0,0,0,0,,,,,,,,,,,,,,,,
WLM-Bar-2,Robust,0.605,48,7.51,3.37,3.37,0,0,0,0,,,,,,,,,,,,,,,,
WLM-Bar-2,Robust,0.643,51,7.53,1.54,1.54,0,0,0,0,,,,,,,,,,,,,,,,
WLM-Bar-2,Robust,0.681,54,7.99,0.05,0.05,0,0,0,0,,,,,,,,,,,,,,,,
WLM-Bar-2,Robust,0.718,57,8.55,0.91,0.91,0,0,0,0,,,,,,,,,,,,,,,,
WLM-Bar-2,Robust,0.756,60,9.4,1.41,1.41,0,0,0,0,,,,,,,,,,,,,,,,
WLM-Bar-2,Robust,0.794,63,10.11,0.16,0.16,0,0,0,0,,,,,,,,,,,,,,,,
WLM-Bar-2,Robust,0.832,66,10.5,1.87,1.87,0,0,0,0,,,,,,,,,,,,,,,,
WLM-Bar-2,Robust,0.87,69,11.45,0.7,0.7,0,0,0,0,,,,,,,,,,,,,,,,
WLM-Bar-2,Robust,0.908,72,11.84,0.64,0.64,0,0,0,0,,,,,,,,,,,,,,,,
WLM-Bar-2,Robust,0.945,75,11.93,1.19,1.19,0,0,0,0,,,,,,,,,,,,,,,,
WLM-Bar-2,Robust,0.983,78,12.51,2.63,2.63,0,0,0,0,,,,,,,,,,,,,,,,
WLM-Bar-2,Robust,1.021,81,13,1.47,1.47,0,0,0,0,,,,,,,,,,,,,,,,
WLM-Bar-2,Robust,1.059,84,13.39,0.94,0.94,0,0,0,0,,,,,,,,,,,,,,,,
WLM-Bar-2,Robust,1.097,87,13.65,0.22,0.22,0,0,0,0,,,,,,,,,,,,,,,,
WLM-Bar-2,Robust,1.134,90,14.37,2.62,2.62,0,0,0,0,,,,,,,,,,,,,,,,
WLM-Bar-2,Robust,1.172,93,15.2,1.31,1.31,0,0,0,0,,,,,,,,,,,,,,,,
WLM-Bar-2,Robust,1.21,96,15.3,0.28,0.28,0,0,0,0,,,,,,,,,,,,,,,,
WLM-Bar-2,Robust,1.248,99,15.54,0.59,0.59,0,0,0,0,,,,,,,,,,,,,,,,
WLM-Bar-2,Robust,1.286,102,15.48,1.67,1.67,0,0,0,0,,,,,,,,,,,,,,,,
WLM-Bar-2,Robust,1.324,105,15.51,0.42,0.42,0,0,0,0,,,,,,,,,,,,,,,,
WLM-Bar-2,Robust,1.361,108,15.96,0.18,0.18,0,0,0,0,,,,,,,,,,,,,,,,
WLM-Bar-2,Robust,1.399,111,16.58,1.07,1.07,0,0,0,0,,,,,,,,,,,,,,,,
WLM-Bar-2,Robust,1.437,114,16.54,0.18,0.18,0,0,0,0,,,,,,,,,,,,,,,,
WLM-Bar-2,Robust,1.475,117,16.61,1.16,1.16,0,0,0,0,,,,,,,,,,,,,,,,
WLM-Bar-2,Robust,1.513,120,16.93,1.32,1.32,0,0,0,0,,,,,,,,,,,,,,,,
WLM-Bar-2,Robust,1.55,123,17.57,1.27,1.27,0,0,0,0,,,,,,,,,,,,,,,,
WLM-Bar-2,Robust,1.588,126,18.18,1.14,1.14,0,0,0,0,,,,,,,,,,,,,,,,
WLM-Bar-2,Robust,1.626,129,18.81,0.11,0.11,0,0,0,0,,,,,,,,,,,,,,,,
WLM-Bar-2,Robust,1.664,132,19.13,1.86,1.86,0,0,0,0,,,,,,,,,,,,,,,,
WLM-Bar-2,Robust,1.702,135,19.62,0.8,0.8,0,0,0,0,,,,,,,,,,,,,,,,
WLM-Bar-2,Robust,1.74,138,19.69,0.91,0.91,0,0,0,0,,,,,,,,,,,,,,,,
WLM-Bar-2,Robust,1.777,141,20.23,3.02,3.02,0,0,0,0,,,,,,,,,,,,,,,,
WLM-Bar-2,Robust,1.815,144,20.73,2.73,2.73,0,0,0,0,,,,,,,,,,,,,,,,
WLM-Bar-2,Robust,1.853,147,21,1.57,1.57,0,0,0,0,,,,,,,,,,,,,,,,
WLM-Bar-2,Robust,1.891,150,21.01,1.4,1.4,0,0,0,0,,,,,,,,,,,,,,,,
WLM-Bar-2,Robust,1.929,153,21.39,2.03,2.03,0,0,0,0,,,,,,,,,,,,,,,,
WLM-Bar-2,Robust,1.966,156,21.87,1.29,1.29,0,0,0,0,,,,,,,,,,,,,,,,
WLM-Bar-2,Robust,2.004,159,21.92,2.21,2.21,0,0,0,0,,,,,,,,,,,,,,,,
WLM-Bar-2,Robust,2.042,162,21.93,2.58,2.58,0,0,0,0,,,,,,,,,,,,,,,,
WLM-Bar-2,Robust,2.08,165,21.93,1.2,1.2,0,0,0,0,,,,,,,,,,,,,,,,
WLM-Bar-2,Robust,2.118,168,22.1,1.42,1.42,0,0,0,0,,,,,,,,,,,,,,,,
WLM-Bar-2,Robust,2.155,171,23.08,0.93,0.93,0,0,0,0,,,,,,,,,,,,,,,,
WLM-Bar-2,Robust,2.193,174,23.59,1.28,1.28,0,0,0,0,,,,,,,,,,,,,,,,
WLM-Bar-2,Robust,2.231,177,23.84,1.85,1.85,0,0,0,0,,,,,,,,,,,,,,,,
WLM-Bar-2,Robust,2.269,180,23.69,0.65,0.65,0,0,0,0,,,,,,,,,,,,,,,,
WLM-Bar-2,Robust,2.307,183,23.45,0.29,0.29,0,0,0,0,,,,,,,,,,,,,,,,
WLM-Bar-2,Robust,2.345,186,23.59,0.47,0.47,0,0,0,0,,,,,,,,,,,,,,,,
WLM-Bar-2,Robust,2.382,189,23.66,2.5,2.5,0,0,0,0,,,,,,,,,,,,,,,,
WLM-Bar-2,Robust,2.42,192,23.95,1.18,1.18,0,0,0,0,,,,,,,,,,,,,,,,
WLM-Bar-2,Robust,2.458,195,24.08,1.5,1.5,0,0,0,0,,,,,,,,,,,,,,,,
WLM-Bar-2,Robust,2.496,198,23.9,2.73,2.73,0,0,0,0,,,,,,,,,,,,,,,,
WLM-Bar-2,Robust,2.534,201,23.55,1.01,1.01,0,0,0,0,,,,,,,,,,,,,,,,
WLM-Bar-2,Robust,2.571,204,23.61,1.8,1.8,0,0,0,0,,,,,,,,,,,,,,,,
WLM-Bar-2,Robust,2.609,207,23.35,1.72,1.72,0,0,0,0,,,,,,,,,,,,,,,,
WLM-Bar-2,Robust,2.647,210,22.66,2.86,2.86,0,0,0,0,,,,,,,,,,,,,,,,
WLM-Bar-2,Robust,2.685,213,23.72,1.62,1.62,0,0,0,0,,,,,,,,,,,,,,,,
WLM-Bar-2,Robust,2.723,216,24.89,2.65,2.65,0,0,0,0,,,,,,,,,,,,,,,,
WLM-Bar-2,Robust,2.761,219,24.53,2.19,2.19,0,0,0,0,,,,,,,,,,,,,,,,
WLM-Bar-2,Robust,2.798,222,24.39,1.82,1.82,0,0,0,0,,,,,,,,,,,,,,,,
WLM-Bar-2,Robust,2.836,225,24.46,2,2,0,0,0,0,,,,,,,,,,,,,,,,
WLM-Bar-2,Robust,2.874,228,24.03,0.04,0.04,0,0,0,0,,,,,,,,,,,,,,,,
WLM-Bar-2,Robust,2.912,231,23.27,1.51,1.51,0,0,0,0,,,,,,,,,,,,,,,,
WLM-Bar-2,Robust,2.95,234,24.69,0.29,0.29,0,0,0,0,,,,,,,,,,,,,,,,
WLM-Bar-2,Robust,2.987,237,25.45,1.02,1.02,0,0,0,0,,,,,,,,,,,,,,,,
WLM-Bar-2,Robust,3.025,240,25.13,0.95,0.95,0,0,0,0,,,,,,,,,,,,,,,,
WLM-Bar-2,Robust,3.063,243,24.52,1.41,1.41,0,0,0,0,,,,,,,,,,,,,,,,
WLM-Bar-2,Robust,3.101,246,24.95,0.99,0.99,0,0,0,0,,,,,,,,,,,,,,,,
WLM-Bar-2,Robust,3.139,249,25.94,0.77,0.77,0,0,0,0,,,,,,,,,,,,,,,,
WLM-Bar-2,Robust,3.176,252,26.08,1.02,1.02,0,0,0,0,,,,,,,,,,,,,,,,
WLM-Bar-2,Robust,3.214,255,26.84,1.95,1.95,0,0,0,0,,,,,,,,,,,,,,,,
WLM-Bar-2,Robust,3.252,258,26.85,0.74,0.74,0,0,0,0,,,,,,,,,,,,,,,,
WLM-Bar-2,Robust,3.29,261,25.87,2.24,2.24,0,0,0,0,,,,,,,,,,,,,,,,
WLM-Bar-2,Robust,3.328,264,25.67,0.12,0.12,0,0,0,0,,,,,,,,,,,,,,,,
WLM-Bar-2,Robust,3.366,267,25.9,0.56,0.56,0,0,0,0,,,,,,,,,,,,,,,,
WLM-Bar-2,Robust,3.403,270,26.04,1.34,1.34,0,0,0,0,,,,,,,,,,,,,,,,
WLM-Bar-2,Robust,3.441,273,24.77,1.48,1.48,0,0,0,0,,,,,,,,,,,,,,,,
WLM-Bar-2,Robust,3.479,276,25.44,0.36,0.36,0,0,0,0,,,,,,,,,,,,,,,,
WLM-Bar-2,Robust,3.517,279,26.16,0.56,0.56,0,0,0,0,,,,,,,,,,,,,,,,
WLM-Bar-2,Robust,3.555,282,26.48,0.27,0.27,0,0,0,0,,,,,,,,,,,,,,,,
WLM-Bar-2,Robust,3.592,285,26.27,1.43,1.43,0,0,0,0,,,,,,,,,,,,,,,,
WLM-Bar-2,Robust,3.63,288,26.86,0.98,0.98,0,0,0,0,,,,,,,,,,,,,,,,
WLM-Bar-2,Robust,3.668,291,25.29,0.04,0.04,0,0,0,0,,,,,,,,,,,,,,,,
WLM-Bar-2,Robust,3.706,294,25.74,1.17,1.17,0,0,0,0,,,,,,,,,,,,,,,,
WLM-Bar-2,Robust,3.744,297,26.92,1.05,1.05,0,0,0,0,,,,,,,,,,,,,,,,
WLM-Bar-2,Robust,3.782,300,28.08,0.35,0.35,0,0,0,0,,,,,,,,,,,,,,,,
WLM-Bar-2,Robust,3.819,303,27.25,0.73,0.73,0,0,0,0,,,,,,,,,,,,,,,,
WLM-Bar-2,Robust,3.857,306,27.08,1.25,1.25,0,0,0,0,,,,,,,,,,,,,,,,
WLM-Bar-2,Robust,3.895,309,26.88,0.6,0.6,0,0,0,0,,,,,,,,,,,,,,,,
WLM-Bar-2,Robust,3.933,312,28.08,0.74,0.74,0,0,0,0,,,,,,,,,,,,,,,,
WLM-Bar-2,Robust,3.971,315,28.19,0.43,0.43,0,0,0,0,,,,,,,,,,,,,,,,
WLM-Bar-2,Robust,4.008,318,28.26,0.29,0.29,0,0,0,0,,,,,,,,,,,,,,,,
WLM-Bar-2,Robust,4.046,321,28.79,0.69,0.69,0,0,0,0,,,,,,,,,,,,,,,,
WLM-Bar-2,Robust,4.084,324,28.82,1.01,1.01,0,0,0,0,,,,,,,,,,,,,,,,
WLM-Bar-2,Robust,4.122,327,29.5,0.5,0.5,0,0,0,0,,,,,,,,,,,,,,,,
WLM-Bar-2,Robust,4.16,330,28.17,0.83,0.83,0,0,0,0,,,,,,,,,,,,,,,,
WLM-Bar-2,Robust,4.198,333,28.35,0.74,0.74,0,0,0,0,,,,,,,,,,,,,,,,
WLM-Bar-2,Robust,4.235,336,29.1,0.46,0.46,0,0,0,0,,,,,,,,,,,,,,,,
WLM-Bar-2,Robust,4.273,339,29.45,0.08,0.08,0,0,0,0,,,,,,,,,,,,,,,,
WLM-Bar-2,Robust,4.311,342,29.48,0.86,0.86,0,0,0,0,,,,,,,,,,,,,,,,
WLM-Bar-2,Robust,4.349,345,30.13,0.7,0.7,0,0,0,0,,,,,,,,,,,,,,,,
WLM-Bar-2,Robust,4.387,348,29.06,0.49,0.49,0,0,0,0,,,,,,,,,,,,,,,,
WLM-Bar-2,Robust,4.424,351,28.66,0.72,0.72,0,0,0,0,,,,,,,,,,,,,,,,
WLM-Bar-2,Robust,4.462,354,28.14,0.57,0.57,0,0,0,0,,,,,,,,,,,,,,,,
WLM-Bar-2,Robust,4.5,357,28.68,0.76,0.76,0,0,0,0,,,,,,,,,,,,,,,,
WLM-Bar-2,Robust,4.538,360,30.46,1.61,1.61,0,0,0,0,,,,,,,,,,,,,,,,
WLM-Bar-2,Robust,4.576,363,30.49,0.59,0.59,0,0,0,0,,,,,,,,,,,,,,,,
WLM-Bar-2,Robust,4.613,366,29.39,0.87,0.87,0,0,0,0,,,,,,,,,,,,,,,,
WLM-Bar-2,Robust,4.651,369,30.5,0.36,0.36,0,0,0,0,,,,,,,,,,,,,,,,
WLM-Bar-2,Robust,4.689,372,31.15,0.56,0.56,0,0,0,0,,,,,,,,,,,,,,,,
WLM-Bar-2,Robust,4.727,375,31.42,0.67,0.67,0,0,0,0,,,,,,,,,,,,,,,,
WLM-Bar-2,Robust,4.765,378,32.38,1.07,1.07,0,0,0,0,,,,,,,,,,,,,,,,
WLM-Bar-2,Robust,4.803,381,32.58,0.1,0.1,0,0,0,0,,,,,,,,,,,,,,,,
WLM-Bar-2,Robust,4.84,384,31.15,1.03,1.03,0,0,0,0,,,,,,,,,,,,,,,,
WLM-Bar-2,Robust,4.878,387,31.75,1.59,1.59,0,0,0,0,,,,,,,,,,,,,,,,
WLM-Bar-2,Robust,4.916,390,31.86,1.19,1.19,0,0,0,0,,,,,,,,,,,,,,,,
WLM-Bar-2,Robust,4.954,393,30.93,1.39,1.39,0,0,0,0,,,,,,,,,,,,,,,,
WLM-Bar-2,Robust,4.992,396,30.8,0.41,0.41,0,0,0,0,,,,,,,,,,,,,,,,
WLM-Bar-2,Robust,5.029,399,32.17,1.54,1.54,0,0,0,0,,,,,,,,,,,,,,,,
WLM-Bar-2,Robust,5.067,402,31.72,1.07,1.07,0,0,0,0,,,,,,,,,,,,,,,,
WLM-Bar-2,Robust,5.105,405,31.52,1.52,1.52,0,0,0,0,,,,,,,,,,,,,,,,
WLM-Bar-2,Robust,5.143,408,32.38,1.6,1.6,0,0,0,0,,,,,,,,,,,,,,,,
WLM-Bar-2,Robust,5.181,411,31.81,1.43,1.43,0,0,0,0,,,,,,,,,,,,,,,,
WLM-Bar-2,Robust,5.219,414,33.52,1.24,1.24,0,0,0,0,,,,,,,,,,,,,,,,
WLM-Bar-2,Robust,5.256,417,33.55,0.68,0.68,0,0,0,0,,,,,,,,,,,,,,,,
WLM-Bar-2,Robust,5.294,420,33.45,1.79,1.79,0,0,0,0,,,,,,,,,,,,,,,,
WLM-Bar-2,Robust,5.332,423,31.02,1.45,1.45,0,0,0,0,,,,,,,,,,,,,,,,
WLM-Bar-2,Robust,5.37,426,32.75,1.55,1.55,0,0,0,0,,,,,,,,,,,,,,,,
WLM-Bar-2,Robust,5.408,429,29.43,0.15,0.15,0,0,0,0,,,,,,,,,,,,,,,,
WLM-Bar-2,Robust,5.445,432,30.76,0.09,0.09,0,0,0,0,,,,,,,,,,,,,,,,
WLM-Bar-2,Robust,5.483,435,30.63,1.69,1.69,0,0,0,0,,,,,,,,,,,,,,,,
WLM-Bar-2,Robust,5.521,438,32.31,0.11,0.11,0,0,0,0,,,,,,,,,,,,,,,,
WLM-Bar-2,Robust,5.559,441,33.89,1.13,1.13,0,0,0,0,,,,,,,,,,,,,,,,
WLM-Bar-2,Robust,5.597,444,32.36,0.91,0.91,0,0,0,0,,,,,,,,,,,,,,,,
WLM-Bar-2,Robust,5.634,447,33.49,0.82,0.82,0,0,0,0,,,,,,,,,,,,,,,,
WLM-Bar-2,Robust,5.672,450,32.04,1.04,1.04,0,0,0,0,,,,,,,,,,,,,,,,
WLM-Bar-2,Robust,5.71,453,32.41,1.17,1.17,0,0,0,0,,,,,,,,,,,,,,,,
WLM-Bar-2,Robust,5.748,456,33.92,0.9,0.9,0,0,0,0,,,,,,,,,,,,,,,,
WLM-Bar-2,Robust,5.786,459,35.81,0.99,0.99,0,0,0,0,,,,,,,,,,,,,,,,
WLM-Bar-2,Robust,5.824,462,32.69,1.23,1.23,0,0,0,0,,,,,,,,,,,,,,,,
WLM-Bar-2,Robust,5.861,465,33.93,1.12,1.12,0,0,0,0,,,,,,,,,,,,,,,,
WLM-Bar-2,Robust,5.899,468,34.01,0.16,0.16,0,0,0,0,,,,,,,,,,,,,,,,
WLM-Bar-2,Robust,5.937,471,35.57,1.03,1.03,0,0,0,0,,,,,,,,,,,,,,,,
WLM-Bar-2,Robust,5.975,474,33.3,1.43,1.43,0,0,0,0,,,,,,,,,,,,,,,,
WLM-Bar-2,Robust,6.013,477,34.5,1.45,1.45,0,0,0,0,,,,,,,,,,,,,,,,
WLM-Bar-2,Robust,6.05,480,33.44,1.34,1.34,0,0,0,0,,,,,,,,,,,,,,,,
WLM-Bar-2,Robust,6.088,483,34.03,1.47,1.47,0,0,0,0,,,,,,,,,,,,,,,,
WLM-Bar-2,Robust,6.126,486,35.19,1.37,1.37,0,0,0,0,,,,,,,,,,,,,,,,
WLM-Bar-2,Robust,6.164,489,33.16,1.92,1.92,0,0,0,0,,,,,,,,,,,,,,,,
WLM-Bar-2,Robust,6.202,492,32.02,1.09,1.09,0,0,0,0,,,,,,,,,,,,,,,,
WLM-Bar-2,Robust,6.24,495,34.78,1.13,1.13,0,0,0,0,,,,,,,,,,,,,,,,
WLM-Bar-2,Robust,6.277,498,33.54,1.43,1.43,0,0,0,0,,,,,,,,,,,,,,,,
WLM-Bar-2,Robust,6.315,501,35,0.99,0.99,0,0,0,0,,,,,,,,,,,,,,,,
WLM-Bar-2,Robust,6.353,504,32.71,1.8,1.8,0,0,0,0,,,,,,,,,,,,,,,,
WLM-Bar-2,Robust,6.391,507,34.54,0.6,0.6,0,0,0,0,,,,,,,,,,,,,,,,
WLM-Bar-2,Robust,6.429,510,30.87,0.57,0.57,0,0,0,0,,,,,,,,,,,,,,,,
WLM-Bar-2,Robust,6.466,513,34.9,0.61,0.61,0,0,0,0,,,,,,,,,,,,,,,,
WLM-Bar-2,Robust,6.504,516,32.93,1.03,1.03,0,0,0,0,,,,,,,,,,,,,,,,
WLM-Bar-2,Robust,6.542,519,35.25,0.68,0.68,0,0,0,0,,,,,,,,,,,,,,,,
WLM-Bar-2,Robust,6.58,522,34.56,1.33,1.33,0,0,0,0,,,,,,,,,,,,,,,,
WLM-Bar-2,Robust,6.618,525,34.4,2.21,2.21,0,0,0,0,,,,,,,,,,,,,,,,
WLM-Bar-2,Robust,6.656,528,33.1,1.72,1.72,0,0,0,0,,,,,,,,,,,,,,,,
WLM-Bar-2,Robust,6.693,531,36.02,2.02,2.02,0,0,0,0,,,,,,,,,,,,,,,,
WLM-Bar-2,Robust,6.731,534,34.76,1.45,1.45,0,0,0,0,,,,,,,,,,,,,,,,
WLM-Bar-2,Robust,6.769,537,33.54,0.16,0.16,0,0,0,0,,,,,,,,,,,,,,,,
WLM-Bar-2,Robust,6.807,540,35.53,1.54,1.54,0,0,0,0,,,,,,,,,,,,,,,,
WLM-Bar-2,Robust,6.845,543,36.25,2.66,2.66,0,0,0,0,,,,,,,,,,,,,,,,
WLM-Bar-2,Robust,6.882,546,33.61,2.05,2.05,0,0,0,0,,,,,,,,,,,,,,,,
WLM-Bar-2,Robust,6.92,549,33.48,1.61,1.61,0,0,0,0,,,,,,,,,,,,,,,,
WLM-Bar-2,Robust,6.958,552,35.53,1.78,1.78,0,0,0,0,,,,,,,,,,,,,,,,
WLM-Bar-2,Robust,6.996,555,33.69,1.46,1.46,0,0,0,0,,,,,,,,,,,,,,,,
WLM-Bar-2,Robust,7.034,558,35.88,1.42,1.42,0,0,0,0,,,,,,,,,,,,,,,,
WLM-Bar-2,Robust,7.071,561,32.18,1.48,1.48,0,0,0,0,,,,,,,,,,,,,,,,
WLM-Bar-2,Robust,7.109,564,36.26,1.55,1.55,0,0,0,0,,,,,,,,,,,,,,,,
WLM-Bar-2,Robust,7.147,567,35.76,1.04,1.04,0,0,0,0,,,,,,,,,,,,,,,,
WLM-Bar-2,Robust,7.185,570,36.47,1.63,1.63,0,0,0,0,,,,,,,,,,,,,,,,
WLM-Bar-2,Robust,7.223,573,36.49,1.7,1.7,0,0,0,0,,,,,,,,,,,,,,,,
WLM-Bar-2,Robust,7.261,576,33.37,1.69,1.69,0,0,0,0,,,,,,,,,,,,,,,,
WLM-Bar-2,Robust,7.298,579,35.36,1.05,1.05,0,0,0,0,,,,,,,,,,,,,,,,
WLM-Bar-2,Robust,7.336,582,35.94,1.24,1.24,0,0,0,0,,,,,,,,,,,,,,,,
WLM-Bar-2,Robust,7.374,585,31.77,0.84,0.84,0,0,0,0,,,,,,,,,,,,,,,,
WLM-Bar-2,Robust,7.412,588,36.48,1.39,1.39,0,0,0,0,,,,,,,,,,,,,,,,
WLM-Bar-2,Robust,7.45,591,37.74,0.75,0.75,0,0,0,0,,,,,,,,,,,,,,,,
WLM-Bar-2,Robust,7.487,594,36.45,0.62,0.62,0,0,0,0,,,,,,,,,,,,,,,,
WLM-Bar-2,Robust,7.525,597,35.91,1.32,1.32,0,0,0,0,,,,,,,,,,,,,,,,
WLM-Bar-2,Robust,7.563,600,36.76,1.66,1.66,0,0,0,0,,,,,,,,,,,,,,,,
WLM-Bar-2,Robust,7.601,603,38.16,1.97,1.97,0,0,0,0,,,,,,,,,,,,,,,,
WLM-Bar-2,Robust,7.639,606,36.26,1.14,1.14,0,0,0,0,,,,,,,,,,,,,,,,
WLM-Bar-2,Robust,7.677,609,36.42,1.39,1.39,0,0,0,0,,,,,,,,,,,,,,,,
DDO216-Disk-3,Robust,1.008,189,7.11,5.88,5.88,0,0,0,0,,,,,,,,,,,,,,,,